/*
Navicat MySQL Data Transfer

Source Server         : localhost
Source Server Version : 50729
Source Host           : localhost:3306
Source Database       : blog

Target Server Type    : MYSQL
Target Server Version : 50729
File Encoding         : 65001

Date: 2021-04-10 12:37:32
*/

SET FOREIGN_KEY_CHECKS=0;

-- ----------------------------
-- Table structure for tb_article
-- ----------------------------
DROP TABLE IF EXISTS `tb_article`;
CREATE TABLE `tb_article` (
  `id` int(11) NOT NULL AUTO_INCREMENT,
  `channel_id` int(11) NOT NULL,
  `title` varchar(100) DEFAULT NULL,
  `title_img` varchar(100) DEFAULT NULL,
  `summary` varchar(500) DEFAULT NULL,
  `author` varchar(100) DEFAULT NULL,
  `url` varchar(100) DEFAULT NULL,
  `content` text,
  `status` int(1) DEFAULT NULL COMMENT '0待发布|1已发布',
  `comment_status` int(1) DEFAULT NULL COMMENT '0/NULL允许评论|1不允许评论',
  `rotation` int(1) DEFAULT NULL COMMENT '0/NULL非轮播|1轮播',
  `top` int(1) DEFAULT NULL COMMENT '0/NULL不置顶 | 1 置顶',
  `order_by` int(11) DEFAULT NULL,
  `create_date` date DEFAULT NULL,
  `create_user` int(11) DEFAULT NULL,
  `update_date` date DEFAULT NULL,
  PRIMARY KEY (`id`) USING BTREE
) ENGINE=InnoDB AUTO_INCREMENT=32 DEFAULT CHARSET=utf8 ROW_FORMAT=DYNAMIC;

-- ----------------------------
-- Records of tb_article
-- ----------------------------
INSERT INTO `tb_article` VALUES ('1', '1', '阿里面试真题：Spring容器启动流程', 'http://localhost:8888/blog/upload/932141e2-ce1e-4329-84bf-4dc2d6b378c4.jpg', 'Spring Framework 是 Java 语言中影响最为深远的框架之一，其中的 IOC 和 AOP 两个经典思想更是一直被程序员津津乐道，后面推出的 Spring Boot、Spring Cloud 系列也是在其基础之上开发，要想搞明白 Spring 全家桶系列，必须脚踏实地的从 Spring Framework 学习起。 ———————————————— 版权声明：本文为CSDN博主「敖 丙」的原创文章，遵循CC 4.0 BY-SA版权协议，转载请附上原文出处链接及本声明。 原文链接：https://blog.csdn.net/qq_35190492/article/details/110383213', '科科程程', '', '这几天不是生病嘛，周一我还是没好转请假了，也难受睡不着，索性我就直接看看书，看完就小小总结了一下Spring的相关东西，这篇是第一篇，其他的等我好点继续肝一下。\n\nSpring Framework 是 Java 语言中影响最为深远的框架之一，其中的 IOC 和 AOP 两个经典思想更是一直被程序员津津乐道，后面推出的 Spring Boot、Spring Cloud 系列也是在其基础之上开发，要想搞明白 Spring 全家桶系列，必须脚踏实地的从 Spring Framework 学习起。\n\n本篇文章是 Spring Framework 源码解析系列的第一篇，主要是从代码层面对 Spring 框架的启动做一个完整解析，这里的思想都是笔者根据自己使用 Spring 的经验和对 Spring 的了解综合而成，以下内容谨代表个人看法，若有疑问请不吝赐教。\n\n另外提醒一下，本篇文章是基于 5.1.6.RELEASE 版本的代码进行分析，入口代码也是采用官方推荐的 java-config 技术，而非 xml。\n\n源码解析\n考虑到直接看源码是一个非常枯燥无味的过程，而且 Spring 的代码设计非常优秀规范，这会导致在翻开源码时，类与类之间的跳跃会非常频繁，不熟悉的同学可能直接晕菜，所以每一个重要流程前我都会先准备一个流程图，建议大家先通过流程图了解一下整体步骤，然后再对代码硬撸，这样能够降低不少难度。\n\n相信每一个使用过 Spring 技术的同学都知道 Spring 在初始化过程中有一个非常重要的步骤，即 Spring 容器的刷新，这个步骤固然重要，但是刷新前的初始化流程也非常重要。本篇文章将整个启动过程分为了两个部分，即容器的初始化与刷新，下面正式开始。\n\n初始化流程\n流程分析\n\n因为是基于 java-config 技术分析源码，所以这里的入口是 AnnotationConfigApplicationContext ，如果是使用 xml 分析，那么入口即为 ClassPathXmlApplicationContext ，它们俩的共同特征便是都继承了 AbstractApplicationContext 类，而大名鼎鼎的 refresh 方法便是在这个类中定义的，现在就不剧透了，我们接着分析 AnnotationConfigApplicationContext 类，可以绘制成如下流程图：\n\n\n\n看完流程图，我们应该思考一下：如果让你去设计一个 IOC 容器，你会怎么做？首先我肯定会提供一个入口（AnnotationConfigApplicationContext ）给用户使用，然后需要去初始化一系列的工具组件：\n\n①：如果我想生成 bean 对象，那么就需要一个 beanFactory 工厂（DefaultListableBeanFactory）；\n\n②：如果我想对加了特定注解（如 @Service、@Repository）的类进行读取转化成 BeanDefinition 对象（BeanDefinition 是 Spring 中极其重要的一个概念，它存储了 bean 对象的所有特征信息，如是否单例，是否懒加载，factoryBeanName 等），那么就需要一个注解配置读取器（AnnotatedBeanDefinitionReader）；\n\n③：如果我想对用户指定的包目录进行扫描查找 bean 对象，那么还需要一个路径扫描器（ClassPathBeanDefinitionScanner）。\n\n通过上面的思考，是不是上面的图理解起来就轻而易举呢？\n\nps：图中的黄色备注可以不看，只是在这里明确展示出来 Spring 的部分内置组件是何时何地添加到容器中的，关于组件的作用在后面的系列文章中会详细分析。\n\n核心代码剖析\n\n考虑到要是对所有代码都进行解析，那么文章篇幅会过长，因此这里只对核心内容进行源码层面的分析，凡是图中标注了 ①、②、③等字样的步骤，都可以理解为是一个比较重要的步骤，下面开始进行详细分析。\n\norg.springframework.context.annotation.AnnotationConfigUtils#registerAnnotationConfigProcessors\n\n根据上图分析，代码运行到这里时候，Spring 容器已经构造完毕，那么就可以为容器添加一些内置组件了，其中最主要的组件便是 ConfigurationClassPostProcessor 和 AutowiredAnnotationBeanPostProcessor ，前者是一个 beanFactory 后置处理器，用来完成 bean 的扫描与注入工作，后者是一个 bean 后置处理器，用来完成 @AutoWired 自动注入。', null, '0', '1', '0', null, '2021-04-09', null, '2021-04-09');
INSERT INTO `tb_article` VALUES ('2', '1', '史上最简单的 SpringCloud 教程', 'http://localhost:8888/blog/upload/26667363-f9ea-4911-9aa0-412f44e33bf3.jpg', 'spring cloud 为开发人员提供了快速构建分布式系统的一些工具，包括配置管理、服务发现、断路器、路由、微代理、事件总线、全局锁、决策竞选、分布式会话等等。它运行环境简单，可以在开发人员的电脑上跑。', '科科程程', '', '一、spring cloud简介\nspring cloud 为开发人员提供了快速构建分布式系统的一些工具，包括配置管理、服务发现、断路器、路由、微代理、事件总线、全局锁、决策竞选、分布式会话等等。它运行环境简单，可以在开发人员的电脑上跑。另外说明spring cloud是基于springboot的，所以需要开发中对springboot有一定的了解，如果不了解的话可以看这篇文章：2小时学会springboot。另外对于“微服务架构” 不了解的话，可以通过搜索引擎搜索“微服务架构”了解下。\n\n二、创建服务注册中心\n在这里，我们需要用的的组件上Spring Cloud Netflix的Eureka ,eureka是一个服务注册和发现模块。\n\n2.1 首先创建一个maven主工程。\n\n**2.2 然后创建2个model工程:**一个model工程作为服务注册中心，即Eureka Server,另一个作为Eureka Client。\n\n下面以创建server为例子，详细说明创建过程：\n\n右键工程->创建model-> 选择spring initialir 如下图：\n在这里，我们需要用的的组件上Spring Cloud Netflix的Eureka ,eureka是一个服务注册和发现模块。\n\n2.1 首先创建一个maven主工程。\n\n**2.2 然后创建2个model工程:**一个model工程作为服务注册中心，即Eureka Server,另一个作为Eureka Client。\n\n下面以创建server为例子，详细说明创建过程：\n\n右键工程->创建model-> 选择spring initialir 如下图：在这里，我们需要用的的组件上Spring Cloud Netflix的Eureka ,eureka是一个服务注册和发现模块。\n\n2.1 首先创建一个maven主工程。\n\n**2.2 然后创建2个model工程:**一个model工程作为服务注册中心，即Eureka Server,另一个作为Eureka Client。\n\n下面以创建server为例子，详细说明创建过程：\n\n右键工程->创建model-> 选择spring initialir 如下图：\n', null, '0', '1', '0', null, '2021-04-09', null, '2021-04-09');
INSERT INTO `tb_article` VALUES ('3', '1', 'SpringBoot 实现文件上传，图片上传并显示功能', 'http://localhost:8888/blog/upload/86ac7251-4846-46f4-b352-a06824f362fb.jpg', '我先看一下《颈椎病康复指南》再给大家说怎么实现的这两个功能，毕竟只是一个新手，解决这种复杂点的问题（相对而言），还是需要花费大量时间的，这篇文章花了两天的时间才实现的功能，现在就记录一下使用springboot怎么实现文件上传下载的。', '科科程程', '', '我这里使用的是 springboot 2.0.3，不需要导入相关jar包，2.x 的版本已经整合进去了，直接使用即可。\n\nspring官网提供了 springboot 的文件上传下载案例，这是网址：https://spring.io/guides/gs/uploading-files/，使用的是流的输出，对于我这个新手来说，直接不理解，所以略过，通过网上查阅大量资料，终于把问题解决了。下面的案例是 springboot2.x 图片上传与回显。我使用的工具是idea。\n\n1、创建idea默认的springboot项目，我的版本是2.0.3\n\n2、创建一个控制层FileController\n\n3、创建MyWebMvcConfigurer，这里是配置资源映射路径，详细点的介绍看这篇文章：\n\n注意一点：我是使用jsp引擎来渲染，因为我不会用 Thymeleaf，添加jsp页面，springboot使用jsp页面是需要进行配置jsp整合的，默认的是 Thymeleaf 的页面，简单的就是HTML页面\n\nspringboot配置jsp页面的方法：https://blog.csdn.net/qq_38762237/article/details/81283352\n', null, '0', '1', '0', null, '2021-04-09', null, '2021-04-09');
INSERT INTO `tb_article` VALUES ('4', '2', 'MyBatis看这一篇就够了，简单全面一发入魂', 'http://localhost:8888/blog/upload/8c751f6f-4270-49a6-ae8c-b6e2efa37f4e.jpg', 'Object Relation Mapping，对象关系映射。对象指的是Java对象，关系指的是数据库中的关系模型，对象关系映射，指的就是在Java对象和数据库的关系模型之间建立一种对应关系，比如用一个Java的Student类，去对应数据库中的一张student表，类中的属性和表中的列一一对应。Student类就对应student表，一个Student对象就对应student表中的一行数据', '科科程程', '', '概述\nmybatis是什么？有什么特点？\n\n它是一款半自动的ORM持久层框架，具有较高的SQL灵活性，支持高级映射(一对一，一对多)，动态SQL，延迟加载和缓存等特性，但它的数据库无关性较低\n\n什么是ORM？\n\nObject Relation Mapping，对象关系映射。对象指的是Java对象，关系指的是数据库中的关系模型，对象关系映射，指的就是在Java对象和数据库的关系模型之间建立一种对应关系，比如用一个Java的Student类，去对应数据库中的一张student表，类中的属性和表中的列一一对应。Student类就对应student表，一个Student对象就对应student表中的一行数据\n\n为什么mybatis是半自动的ORM框架？\n\n用mybatis进行开发，需要手动编写SQL语句。而全自动的ORM框架，如hibernate，则不需要编写SQL语句。用hibernate开发，只需要定义好ORM映射关系，就可以直接进行CRUD操作了。由于mybatis需要手写SQL语句，所以它有较高的灵活性，可以根据需要，自由地对SQL进行定制，也因为要手写SQL，当要切换数据库时，SQL语句可能就要重写，因为不同的数据库有不同的方言(Dialect)，所以mybatis的数据库无关性低。虽然mybatis需要手写SQL，但相比JDBC，它提供了输入映射和输出映射，可以很方便地进行SQL参数设置，以及结果集封装。并且还提供了关联查询和动态SQL等功能，极大地提升了开发的效率。并且它的学习成本也比hibernate低很多\n\n快速入门\n只需要通过如下几个步骤，即可用mybatis快速进行持久层的开发\n\n编写全局配置文件\n编写mapper映射文件\n加载全局配置文件，生成SqlSessionFactory\n创建SqlSession，调用mapper映射文件中的SQL语句来执行CRUD操作\n', null, '0', '0', '1', null, '2021-04-09', null, '2021-04-09');
INSERT INTO `tb_article` VALUES ('5', '3', 'Linux上安装Oracle数据库(呕心沥血超级详细版)', 'http://localhost:8888/blog/upload/6eb6d4df-384b-4c78-86fd-25b6a4243b98.jpg', '回车后系统会提示让你输入一个密码，这个密码是vnc连接密码，和系统密码没有关系。启动后系统会提示出一个进程号为1的窗口。回车后系统会提示让你输入一个密码，这个密码是vnc连接密码，和系统密码没有关系。启动后系统会提示出一个进程号为1的窗口。', '科科程程', '', '## 第一步：系统磁盘分区：\n1：检查磁盘信息\n[root@iZuf6gxpvk73jkbx2r5h1bZ ~]# fdisk –l\n\n2：进入分区的磁盘\n\n3：创建逻辑卷\n\n4：挂载逻辑卷\n\n5：设置开机启动/固话挂载\n\n6：系统swqp分区挂载\n\n## 第二步：创建oracle用户\n[root@iZ28ubyqhl0Z ~]# groupadd oinstall\n[root@iZ28ubyqhl0Z ~]# groupadd dba\n[root@iZ28ubyqhl0Z home]# useradd -g oinstall -G dba oracle\n[root@iZ28ubyqhl0Z home]# passwd oracle\n## 第三步：修改系统的内核参数\n[root@iZ28ubyqhl0Z home]# vi /etc/sysctl.conf\nkernel.shmall = 2097152                           修改\nkernel.shmmax = 2147483648				\nkernel.shmmni = 4096							添加\nkernel.sem = 250 32000 100 128\nfs.file-max = 6815744\nnet.ipv4.ip_local_port_range = 9000 65500\nnet.core.rmem_default = 1048576\nnet.core.rmem_max = 4194304\nnet.core.wmem_default = 262144\nnet.core.wmem_max = 1048576\nfs.aio-max-nr= 1048576\n\n[root@bogon ~]# sysctl -p #重启生效内核参数\n\n[root@iZ28ubyqhl0Z home]# vi /etc/security/limits.conf\noracle soft   nofile 65536					添加\noracle hard   nofile 65536\noracle soft   nproc   2047\noracle hard   nproc   16384\n\n[root@iZ28ubyqhl0Z home]# vi /etc/pam.d/login\nsession    required     pam_limits.so			添加\n', null, '0', '0', '1', null, '2021-04-09', null, '2021-04-09');
INSERT INTO `tb_article` VALUES ('6', '5', 'SpringMVC执行流程及工作原理', 'http://localhost:8888/blog/upload/c16bd96b-bcb6-41f0-b250-f7165a5ce39f.jpg', '1.用户发送请求至前端控制器DispatcherServlet 2.DispatcherServlet收到请求调用处理器映射器HandlerMapping。 3.处理器映射器根据请求url找到具体的处理器，生成处理器执行链HandlerExecutionChain(包括处理器对象和处理器拦截器)一并返回给DispatcherServlet。', '科科程程', '', 'SpringMVC执行流程:\n1.用户发送请求至前端控制器DispatcherServlet\n2.DispatcherServlet收到请求调用处理器映射器HandlerMapping。\n3.处理器映射器根据请求url找到具体的处理器，生成处理器执行链HandlerExecutionChain(包括处理器对象和处理器拦截器)一并返回给DispatcherServlet。\n4.DispatcherServlet根据处理器Handler获取处理器适配器HandlerAdapter执行HandlerAdapter处理一系列的操作，如：参数封装，数据格式转换，数据验证等操作\n5.执行处理器Handler(Controller，也叫页面控制器)。\n6.Handler执行完成返回ModelAndView\n7.HandlerAdapter将Handler执行结果ModelAndView返回到DispatcherServlet\n8.DispatcherServlet将ModelAndView传给ViewReslover视图解析器\n9.ViewReslover解析后返回具体View\n10.DispatcherServlet对View进行渲染视图（即将模型数据model填充至视图中）。\n11.DispatcherServlet响应用户。\n\n我们针对第一张图进行分析\n\n组件说明：\n\n1.DispatcherServlet：前端控制器。用户请求到达前端控制器，它就相当于mvc模式中的c，dispatcherServlet是整个流程控制的中心，由它调用其它组件处理用户的请求，dispatcherServlet的存在降低了组件之间的耦合性,系统扩展性提高。由框架实现\n2.HandlerMapping：处理器映射器。HandlerMapping负责根据用户请求的url找到Handler即处理器，springmvc提供了不同的映射器实现不同的映射方式，根据一定的规则去查找,例如：xml配置方式，实现接口方式，注解方式等。由框架实现\n3.Handler：处理器。Handler 是继DispatcherServlet前端控制器的后端控制器，在DispatcherServlet的控制下Handler对具体的用户请求进行处理。由于Handler涉及到具体的用户业务请求，所以一般情况需要程序员根据业务需求开发Handler。\n4.HandlAdapter：处理器适配器。通过HandlerAdapter对处理器进行执行，这是适配器模式的应用，通过扩展适配器可以对更多类型的处理器进行执行。由框架实现。\n5.ModelAndView是springmvc的封装对象，将model和view封装在一起。\n6.ViewResolver：视图解析器。ViewResolver负责将处理结果生成View视图，ViewResolver首先根据逻辑视图名解析成物理视图名即具体的页面地址，再生成View视图对象，最后对View进行渲染将处理结果通过页面展示给用户。\n7View:是springmvc的封装对象，是一个接口, springmvc框架提供了很多的View视图类型，包括：jspview，pdfview,jstlView、freemarkerView、pdfView等。一般情况下需要通过页面标签或页面模版技术将模型数据通过页面展示给用户，需要由程序员根据业务需求开发具体的页面。', null, '0', '0', '0', null, '2021-04-09', null, '2021-04-09');
INSERT INTO `tb_article` VALUES ('7', '6', 'SpringBoot之自动装配原理', 'http://localhost:8888/blog/upload/84e9c7ad-12fb-46b1-bf25-2702aa96e793.jpg', 'springboo最核心的东西就是自动装配原理，那么自动装装配原理是什么呢？自动装配原理其实就是对strat提供好的xxxAutoConfiguration、配置文件进行读取，当读取完后就配置好这些类。', '科科程程', '', '详说springboot自动装配\n​ 进入项目后，我们发现springboot为开发者提供了一个类，类里有个run方法，看上去很简单没什么东西需要了解，但是细心的你会发现这个类上有个注解@SpringBootApplication，这个注解表示的就是这个类是springboot的启动类也就是入口。\n@SpringBootApplication\npublic class Demo2Application {\n    public static void main(String[] args) {\n        SpringApplication.run(Demo2Application.class, args);\n    }\n\n}\n\n​ 点击这个注解后我们可以看到这个注解上面除了四个元注解还有三个注解，@ComponentScan表示扫描注解，那么@SpringBootConfiguration、@EnableAutoConfiguration又代表什么呢？我们点击进入@SpringBootConfiguration注解里面。\n@Target(ElementType.TYPE)\n@Retention(RetentionPolicy.RUNTIME)\n@Documented\n@Inherited\n@SpringBootConfiguration\n@EnableAutoConfiguration\n@ComponentScan(excludeFilters = { @Filter(type = FilterType.CUSTOM, classes = TypeExcludeFilter.class),\n		@Filter(type = FilterType.CUSTOM, classes = AutoConfigurationExcludeFilter.class) })\npublic @interface SpringBootApplication {\n    ....\n}\n@SpringBootConfiguration\n​ 进入注解后我们看到这个注解里面出现了@Configuration注解，@configuration注解代表这个类就是一个配置文件，功能等同于在spring中的Application.xml文件。那么就是说@SpringBootConfiguration注解想表达的意思就是在类上面添加了他，他就把这个类变成一个配置类。\n@Target({ElementType.TYPE})\n@Retention(RetentionPolicy.RUNTIME)\n@Documented\n@Configuration\npublic @interface SpringBootConfiguration {\n    @AliasFor(\n        annotation = Configuration.class\n    )\n    boolean proxyBeanMethods() default true;\n}\n', null, '0', '0', '0', null, '2021-04-09', null, '2021-04-09');
INSERT INTO `tb_article` VALUES ('8', '2', '开源框架面试之MyBatis面试题', 'http://localhost:8888/blog/upload/de18d555-b3d3-459c-a23c-b08e3135b4a1.jpg', 'MyBatis的缓存分为一级缓存和二级缓存，一级缓存放在session里面，默认就有，二级缓存放在它的命名空间里，默认是不打开的，使用二级缓存属性类需要实现Serializable序列化接口（可用来保存对象的状态），可在它的映射文件中配置', '科科程程', '', '4、简述Mybatis的插件运行原理，以及如何编写一个插件？\nMybatis 仅可以编写针对 ParameterHandler、ResultSetHandler、 StatementHandler、Executor 这 4 种接口的插件，Mybatis 通过动态代\n理，为需要拦截的接口生成代理对象以实现接口方法拦截功能，每当执行 这4种接口对象的方法时，就会进入拦截方法，具体就是 InvocationHandler的invoke。方法，当然，只会拦截那些你指定需要拦截 的方法。\n\n实现Mybatis的Interceptor接口并复写intercept()方法，然后在给插件 编写注解，指定要拦截哪一个接口的哪些方法即可，记住，别忘了在配置 文件中配置你编写的插件。\n\n5、Mybatis动态sql是做什么的？都有哪些动态sql？能简述一下动态sql 的执行原理吗？\nMybatis动态sql可以让我们在Xml映射文件内，以标签的形式编写动 态sql，完成逻辑判断和动态拼接sql的功能。\n\nMybatis提供了 9种动态sql标签：\ntrim|where|set|foreach|if|choose|when|otherwise|bindo\n\n其执行原理为，使用OGNL从sql参数对象中计算表达式的值，根据表 达式的值动态拼接sql，以此来完成动态sql的功能。\n\n6、#{}和${}的区别是什么？\n#{}是预编译处理，${}是字符串替换。\n\nMybatis在处理#{}时，会将sql中的#{}替换为？号，调用 PreparedStatement 的 set 方法来赋值；\n\nMybatis在处理时 ， 就 是 把 {}时，就是把时，就是把{}替换成变量的值。\n\n使用#{}可以有效的防止SQL注入，提高系统安全性。\n\n7、为什么说Mybatis是半自动ORM映射工具？它与全自动的区别在哪里？\nHibernate属于全自动ORM映射工具，使用Hibernate查询关联对象或者 关联集合对象时，可以根据对象关系模型直接获取，所以它是全自动的。\n\nMybatis在查询关联对象或关联集合对象时，需要手动编写sql来完 成，所以，称之为半自动ORM映射工具。\n\n8、Mybatis是否支持延迟加载？如果支持，它的实现原理是什么？\nMybatis仅支持association关联对象和collection关联集合对象的延迟 加载，association指的就是一对一，collection指的就是一对多查询。在 Mybatis配置文件中，可以配置是否启用延迟加载\nlazyLoadingEnabled=true|false 。\n\n它的原理是，使用CGLIB创建目标对象的代理对象，当调用目标方法 时，进入拦截器方法，比如调用a.getB().getName()，拦截器invoke() 方法发现a.getB()是null值，那么就会单独发送事先保存好的查询关联B 对象的sql，把B查询上来，然后调用a.setB(b)，于是a的对象b属 性就有值了，接着完成a.getB().getName()方法的调用。这就是延迟 加载的基本原理。\n\n9、MyBatis 与 Hibernate 有哪些不同？\nMybatis和hibernate不同，它不完全是一个ORM框架，因为MyBatis 需要程序员自己编写Sql语句，不过mybatis可以通过XML或注解方式灵 活配置要运行的sql语句，并将java对象和sql语句映射生成最终执行的 sql，最后将sql执行的结果再映射生成java对象。\n\nMybatis学习门槛低，简单易学，程序员直接编写原生态sql，可严格控 制sql执行性能，灵活度高，非常适合对关系数据模型要求不高的软件开 发，例如互联网软件、企业运营类软件等，因为这类软件需求变化频繁， —但需求变化要求成果输出迅速。但是灵活的前提是mybatis无法做到数 据库无关性，如果需要实现支持多种数据库的软件则需要自定义多套sql 映射文件，工作量大。\n\nHibernate对象/关系映射能力强，数据库无关性好，对于关系模型要求 高的软件（例如需求固定的定制化软件）如果用hibernate开发可以节省很多 代码，提高效率。但是Hibernate的缺点是学习门槛高，要精通门槛更 高，而且怎么设计O/R映射，在性能和对象模型之间如何权衡，以及怎样 用好Hibernate需要具有很强的经验和能力才行。总之，按照用户的需求 在有限的资源环境下只要能做出维护性、扩展性良好的软件架构都是好架 构，所以框架只有适合才是最好。', null, '0', '0', '0', null, '2021-04-09', null, '2021-04-09');
INSERT INTO `tb_article` VALUES ('9', '4', '15个最佳的HTML/CSS设计和开发框架', 'http://localhost:8888/blog/upload/9da87147-c4cc-43f4-9fb4-506142f5c71f.jpg', '专业的网页设计是既复杂又耗时的。它需要HTML和CSS框架的完美结合。这些框架不仅可以为设计方案增加特定的功能，还可以大大地节省时间和精力。', '科科程程', '', '高效的框架不仅是网站设计的基础，它提供的各种丰富多彩的功能，还提高整体的功能和性能。一个网站的外观和设计完全可以通过一些完美和可靠的工具而彻底改头换面。现在，越来越多的网页设计师和编辑人员选择使用CSS框架来创建网站。\n所以，如果你正在寻找一些高效的HTML和CSS框架，那么不妨继续看下去——众里寻他千百度，蓦然回首，那人却在灯火阑珊处。\n 这里还是要推荐下小编的web前端学习 群 : 569146385，不管你是小白还是大牛，小编我都欢迎，不定期分享干货，包括 小编自己整理的一份最新的web前端资料和0基础入门教程，欢迎初学和进 阶中的小伙伴。在不忙的时间我会给大家解惑。\n1）CSS框架——Gumby\n\nGumby是最好的框架之一，配备了各种有用的和有效的功能。它预置的设计和通用的界面元素，有助于我们创建完美的网站。Gumby框架还允许根据要求定制网格。\n \n官方网站：http://gumbyframework.com/\n\n \n2）CSS框架——Semantic UI框架\n\nSemantic UI也是一个非常有用的网页设计框架。通过允许用户创建界面共享语言来授权给设计师。各种功能和3D动画也是不可小觑的功能。相比于其他框架，它更容易使用。\n \n官方网站：http://semantic-ui.com/\n\n \n3）CSS框架——YAML框架\n\n下面要说的是YAML。这是一个设计灵活，方便和响应网站的理想工具。它提供了一系列有效的功能。同时，它还带有Ajax Builder，可以保证基于YAML的CSS布局的可视化开发。\n \n官方网站：http://www.yaml.de/\n————————————————\n版权声明：本文为CSDN博主「前端工程师申胥」的原创文章，遵循CC 4.0 BY-SA版权协议，转载请附上原文出处链接及本声明。\n原文链接：https://blog.csdn.net/moonbc/article/details/89790721', null, '0', '0', '0', null, '2021-04-09', null, '2021-04-09');
INSERT INTO `tb_article` VALUES ('10', '7', 'HTML5适合的情人节礼物有纪念日期功能', 'http://localhost:8888/blog/upload/1e704ef4-18ec-42d0-b8d8-f60104134abc.jpg', '利用HTML5，css，js实现爱心树 以及 纪念日期的功能 网页有播放音乐功能 以及打字倾诉感情的画面，非常适合情人节送给女朋友', '科科程程', '', '具体的HTML代码\n具体只要修改代码里面的男某某和女某某 文字段也可自行修改，还有代码下半部分的JS代码需要修改一下起始日期 注意月份为0~11月 也就是月份需要减一。\n当然只有一部分HTML和JS代码不够运行的，文章最下面还附加了完整代码的下载地址\n小Tips\n任何一个标准的HTML页面，第一行一定是一个以DOCTYPE ……开头的语句。这一行，就是文档声明头，DocType Declaration。此标签可告知浏览器文档使用哪种 HTML 或 XHTML 规范。\n标准的div+css页面，用的标签种类很少：div p h1 span a img ul ol dl input\n一个HTML页面，不能出现相同的id，哪怕他们不是一个类型。比如页面上有一个id为pp的p，一个id为pp的div，是非法的！\nHTML 超文本标记语言 从语义的角度描述页面结构。提到HTML的作用，只能从语义方面从想，绝对不能想样式\nCSS 层叠式样式表 从审美的角度负责页面样式。\nJS JavaScript 从交互的角度描述页面行为。\n小Tips\n任何一个标准的HTML页面，第一行一定是一个以DOCTYPE ……开头的语句。这一行，就是文档声明头，DocType Declaration。此标签可告知浏览器文档使用哪种 HTML 或 XHTML 规范。\n标准的div+css页面，用的标签种类很少：div p h1 span a img ul ol dl input\n一个HTML页面，不能出现相同的id，哪怕他们不是一个类型。比如页面上有一个id为pp的p，一个id为pp的div，是非法的！\nHTML 超文本标记语言 从语义的角度描述页面结构。提到HTML的作用，只能从语义方面从想，绝对不能想样式\nCSS 层叠式样式表 从审美的角度负责页面样式。\nJS JavaScript 从交互的角度描述页面行为。\n', null, '0', '0', '0', null, '2021-04-09', null, '2021-04-09');
INSERT INTO `tb_article` VALUES ('11', '8', '最通俗易懂的JavaScript入门教程', 'http://localhost:8888/blog/upload/4b61b9a5-eb54-4161-a86f-3147d006fcbf.jpg', '前言：“成功没有捷径，脚踏实地一步一个脚印，该来的总会来，不好高骛远，不急功近利，付出总会有回报，不管处于哪个阶段，都要一步一个脚印，踏实的走好每一步！” 你好，我是梦阳辰！快和我一起走进JavaScript的世界吧。', '科科程程', '', '01.JavaScript概述\n1.什么是JavaScript?\nJavaScript是运行在浏览器上的脚本语言。简称JS。\nJavaScript是王景公司（NetScape)的 布兰登·艾奇 开发的，最初叫做LiveScript。LiveScript的出现让浏览器更加生动，使得页面更具有交互性。\nJavaScript（简称“JS”） 是一种具有函数优先的轻量级，解释型或即时编译型的编程语言。虽然它是作为开发Web页面的脚本语言而出名的，但是它也被用到了很多非浏览器环境中，JavaScript 基于原型编程、多范式的动态脚本语言，并且支持面向对象、命令式和声明式（如函数式编程）风格。\n\nJavaScript在1995年由Netscape公司的Brendan Eich，在网景导航者浏览器上首次设计实现而成。因为Netscape与Sun合作，Netscape管理层希望它外观看起来像Java，因此取名为JavaScript。但实际上它的语法风格与Self及Scheme较为接近。\n\nJavaScript和java没有任何关系，只是语法类似。JavaScript运行在浏览器中，代码由浏览器解释后执行。而Java运行在JVM中。\n\nJavaScript的“目标程序”以普通文本形式保存，这种语言都叫做\"脚本语言“。\n\nJava的目标程序已.class形式存在，不能使用文本编辑器打开，不是脚本语言。\n\n1998年网景公司由“美国在线”公司收购。\n\n王景公司最著名的就是“领航者浏览器”：Navigator浏览器。\nLiveScript的出现，最初的时候是为Navigator浏览器量身定制一门语言，不支持其他浏览器。\n\n微软一看不行，研发了只支持IE浏览器的脚本语言。JScript。\n在两者语言共存的时代，程序员需要写两套程序。这时一个叫做ECMA组织（欧洲计算机协会）根据JavaScript制定了ECMA-262标准，叫做ECMA-Script.\n\nJavaScript是一种属于网络的脚本语言,已经被广泛用于Web应用开发,常用来为网页添加各式各样的动态功能,为用户提供更流畅美观的浏览效果。通常JavaScript脚本是通过嵌入在HTML中来实现自身的功能的。\n2.区分JSP和JS\nJSP：JavaServer Pages（隶属Java）\nJS: JavaScript.\n', null, '0', '0', '0', null, '2021-04-09', null, '2021-04-09');
INSERT INTO `tb_article` VALUES ('12', '10', '史上最详细的Hadoop环境搭建', 'http://localhost:8888/blog/upload/5b7d2441-b60b-4afc-b6c8-8839837b9d95.jpg', 'Hadoop在大数据技术体系中的地位至关重要，Hadoop是大数据技术的基础，对Hadoop基础知识的掌握的扎实程度，会决定在大数据技术道路上走多远。', '科科程程', '', '这是一篇入门文章，Hadoop的学习方法很多，网上也有很多学习路线图。本文的思路是：以安装部署Apache Hadoop2.x版本为主线，来介绍Hadoop2.x的架构组成、各模块协同工作原理、技术细节。安装不是目的，通过安装认识Hadoop才是目的。\n\n本文分为五个部分、十三节、四十九步。\n\n第一部分：Linux环境安装\n\nHadoop是运行在Linux，虽然借助工具也可以运行在Windows上，但是建议还是运行在Linux系统上，第一部分介绍Linux环境的安装、配置、Java JDK安装等。\n\n第二部分：Hadoop本地模式安装\n\nHadoop本地模式只是用于本地开发调试，或者快速安装体验Hadoop，这部分做简单的介绍。\n\n第三部分：Hadoop伪分布式模式安装\n\n学习Hadoop一般是在伪分布式模式下进行。这种模式是在一台机器上各个进程上运行Hadoop的各个模块，伪分布式的意思是虽然各个模块是在各个进程上分开运行的，但是只是运行在一个操作系统上的，并不是真正的分布式。\n\n第四部分：完全分布式安装\n\n完全分布式模式才是生产环境采用的模式，Hadoop运行在服务器集群上，生产环境一般都会做HA，以实现高可用。\n\n第五部分：Hadoop HA安装\n\nHA是指高可用，为了解决Hadoop单点故障问题，生产环境一般都做HA部署。这部分介绍了如何配置Hadoop2.x的高可用，并简单介绍了HA的工作原理。 \n安装过程中，会穿插简单介绍涉及到的知识。希望能对大家有所帮助。 \n第一部分：Linux环境安装\n第一步、配置Vmware NAT网络\n\n一、Vmware网络模式介绍\n\n参考：http://blog.csdn.net/collection4u/article/details/14127671\n\n二、NAT模式配置\n\nNAT是网络地址转换，是在宿主机和虚拟机之间增加一个地址转换服务，负责外部和虚拟机之间的通讯转接和IP转换。\n\n我们部署Hadoop集群，这里选择NAT模式，各个虚拟机通过NAT使用宿主机的IP来访问外网。\n\n我们的要求是集群中的各个虚拟机有固定的IP、可以访问外网，所以进行如下设置：\n\n1、 Vmware安装后，默认的NAT设置如下：', null, '0', '0', '0', null, '2021-04-09', null, '2021-04-09');
INSERT INTO `tb_article` VALUES ('13', '10', 'hadoop mapreduce 过程解析及hive参数优化', 'http://localhost:8888/blog/upload/7150ab84-7590-4ea6-b361-7549fa69e944.jpg', '第一阶段是把输入文件按照一定的标准分片 (InputSplit)，每个输入片的大小是固定的。默认情况下，输入片(InputSplit)的大小与数据块(Block)的大小是相同的。', '科科程程', '', '（1）分片（split）操作\n\n该部分不属于map和reduce的主要过程，但是是整个计算框架比较消耗时间的一部分，为map做数据准备。\n\nsplit只是将源文件的内容分片形成一系列的 InputSplit，每个 InputSpilt 中存储着对应分片的数据信息（例如，文件块信息、起始位置、数据长度、所在节点列表…），每个InputSplit 都由一个 mapper 进行后续处理。\n\n每个分片大小参数是很重要的，splitSize 是分片规则很重要的一个参数，该参数由三个值来确定：\n\nset mapred.max.split.size=256000000;  #每个Map最大输入大小，超过此阈值则被分片，不足则单独放着\nset mapred.min.split.size.per.node=100000000; #一个节点上split的最小输入大小 \nset mapred.min.split.size.per.rack=100000000; #一个交换机下split的最小输入大小\n\n\nset hive.input.format=org.apache.Hadoop.hive.ql.io.CombineHiveInputFormat;  #执行Map前进行小文件合并在开启了org.apache.hadoop.hive.ql.io.CombineHiveInputFormat后，一个data node节点上多个小文件会进行合并，合并文件数由mapred.max.split.size限制的大小决定。\nmapred.min.split.size.per.node决定了多个data node上的文件是否需要合并~\nmapred.min.split.size.per.rack决定了多个交换机上的文件是否需要合并~\n\n数据格式化（Format）操作：\n\n将划分好的 InputSplit 格式化成键值对形式的数据。其中 key 为偏移量，value 是每一行的内容。值得注意的是，在map任务执行过程中，会不停的执行数据格式化操作，每生成一个键值对就会将其传入 map，进行处理。所以map和数据格式化操作并不存在前后时间差，而是同时进行的。（此处不理解）\n\n（2）map过程\n\n根据用户指定的map过程，MapReduce 尝试在数据所在机器上执行该 map 程序。在 HDFS中，文件数据是被复制多份的，所以计算将会选择拥有此数据的最空闲的节点。', null, '0', '0', '0', null, '2021-04-09', null, '2021-04-09');
INSERT INTO `tb_article` VALUES ('14', '10', '从零开始的大数据技术学习路线指南：带你轻松成为大数据开发工程师！', 'http://localhost:8888/blog/upload/119a5941-76fa-4e7d-8f43-b93023fb19d3.jpg', '写博客一方面是对自己学习的一点点总结及记录，另一方面则是希望能够帮助更多对大数据感兴趣的朋友。如果你也对 数据中台、数据建模、数据分析以及Flink/Spark/Hadoop/数仓开发', '科科程程', '', '一、前言\n之前写了篇面经 《一个月面试近20家大中小厂，在互联网寒冬突破重围，成功上岸！》，有不少小伙伴留言和私信我关于大数据学习路线，以及咨询我一些关于有工作经验想转行大数据的问题，只言片语也讲不清，我花了一个月整理了一份我当初学习的大数据学习路线，从最基础的大数据集群搭建开始，希望能帮助到大家。\n\n不过在开始之前，我还是希望大家能想清楚，如果自己很迷茫，为了什么原因想往大数据方向发展，还有就是我就想问一下，你的专业是什么，对于计算机/软件，你的兴趣是什么？\n\n是计算机专业，对操作系统、硬件、网络、服务器感兴趣？\n是软件专业，对软件开发、编程、写代码感兴趣？\n还是数学、统计学专业，对数据和数字特别感兴趣？\n\n欢迎大家在评论区留言讨论 ( •̀ ω •́ )✧\n\n这其实也就关系到大数据的三个发展方向：\n\n平台搭建/优化/运维/监控\n大数据开发/设计/架构\n数据分析/挖掘\n现如今，正式为了应对大数据的这几个特点，开源的大数据框架越来越多，越来越强，先列举一些常见的：\n\n文件存储：Hadoop HDFS、Tachyon、KFS\n\n离线计算：Hadoop MapReduce、Spark\n\n流式、实时计算：Storm、Spark Streaming、Flink\n\nK-V、NOSQL数据库：HBase、Redis、MongoDB\n\n资源管理：YARN、Mesos\n\n日志收集：Flume、Scribe、Logstash、Kibana\n\n消息系统：Kafka、StormMQ、ZeroMQ、RabbitMQ\n\n查询分析：Hive、Impala、Pig、Presto、Phoenix、SparkSQL、Drill、Flink、Kylin、Druid\n\n分布式协调服务：Zookeeper\n\n集群管理与监控：Ambari、Ganglia、Nagios、Cloudera Manager\n\n数据挖掘、机器学习：Mahout、Spark MLLib\n\n数据同步：Sqoop\n\n任务调度：Oozie\n\n……\n\n眼花了吧，上面的有30多种吧，别说精通了，全部都会使用的，估计也没几个。\n\n就我个人而言，主要目前是在第二个方向（开发/设计/架构），那我就从大数据的发展史讲起。由于自己经验有限，本文内容参考了圈内不少老师的观点，供大家参考和互相学习。\n', null, '0', '0', '0', null, '2021-04-09', null, '2021-04-09');
INSERT INTO `tb_article` VALUES ('15', '10', '学习大数据必须知道大数据十大真实事件', 'http://localhost:8888/blog/upload/7a7229af-91fb-43e0-9b3d-352a07d4c5d3.jpg', '大数据是当今一个最热门的话题，我们每一个人都无法置身其外。就像几年前出现的云计算一样，大数据已经引起市场的广泛关注;同样，企业迫切需要对大数据下定义。大数据缺少一个标准且普及性的定义，至少不像NIST 对云的定义那样，能被人们广泛接受。', '科科程程', '', '调研公司IDC 的定义可能比较容易被人们所接受。它对大数据的定义是：一种新一代的技术和架构，具备高效率的捕捉、发现和分析能力，能够经济地从类型繁杂、数量庞大的数据中挖掘出色价值。\n\n大数据已经成为各类大会的重要议题，管理人士们都不愿错过这一新兴趋势。毫无疑问，当未来企业尝试分析现有海量信息以推动业务价值增值时，必定会采用大数据技术。\n\n另一方面，正如其它新兴趋势一样，也有很多人怀疑大数据的效用。事实上，当一种技术成为广泛争论的焦点时，必定会招致一些质疑和批评。\n\n关于大数据的重要价值有两种截然不同的观点。不过双方的共同之处在于，两种观点都对大数据存在一些误解，并对大数据的本质模糊不清。\n\n误解\n\n误解1：大数据仅意味着数量庞大\n\n“大数据”的名称本身就带有误导性，好像数据库的大小就是问题所在。但是这并非唯一的因素。英特尔欧洲、中东与非洲地区(EMEA)战略市场推广总 监Alan Priestley 认为，大数据还有其它要素，最明显的是数据类型繁杂，且数据要求快速交付。此外，企业还需要第一时间了解数据是否准确。\n\n误解2：社交媒体最重要\n\n很多关于大数据的讨论都集中在社交媒体数据对企业的影响。人们持有这种观点并不难理解：多数媒体的关注重点是获取客户最新信息这一传统业务。而现 在，则意味着查找社交媒体互动，诸Twitter、Facebook、Insta-gram 等等。 但是，Priestley指出，企业最常见的还是机器生成的数据，包括网络日志、数据中心日志以及其它信息等。\n\n他表示：“如今航空业也可以借助大数据的强大力量。例如，他们可以利用并分析航空旅行\n\n数据以预测可能存在的问题。而在过去，他们只能在数小时的飞行或发生故障之后检查引擎。谁也不希望故障发生，但要是等到故障发生以后才检查引擎，就已经太晚了。 “借助大数据分析，他们可以跟踪引擎的振动。通过检查生成的数据，他们能够在数据发现异常时及时发出告警，安排检查引擎。”\n\n作为示例，Priestley还介绍了宝马公司是如何成功利用大数据的。宝马公司的大量汽车均可以通过3G技术接入互联网。通过使用大数据和相关分析能 力，宝马公司可以跟踪这些汽车并联系车主。当然，相关示例还有很多，例如信用卡公司可以实时核对诈骗交易，确保远程购买交易合法，而所有这些操作仅需数秒 钟。英特尔自身也是大数据技术的重要用户。公司使用大数据控制晶圆制造工厂的效益，大幅地降低了成本，减少浪费。', null, '0', '0', '0', null, '2021-04-09', null, '2021-04-09');
INSERT INTO `tb_article` VALUES ('16', '10', '阿里、腾讯内部十二个大数据项目实战，你都做过吗？', 'http://localhost:8888/blog/upload/b40a80d8-ef0c-4f33-b35d-58731eb31654.jpg', '随着社会的进步，大数据的高需求，高薪资，高待遇，促使很多人都来学习和转行到大数据这个行业。学习大数据是为了什么？成为一名大数据高级工程师。而大数据工程师能得到高薪、高待遇的能力在哪？自然是项目经验。', '科科程程', '', '一个大数据分析项目关键构成如下：\n\n信息采集组、数据清洗组、数据融合组、数据挖掘组、数据可视化组。\n\n根据每组的名称很好理解。\n\n信息采集组主要是通过网络爬虫来采集数据，当然还可以根据业务需求，通过不同的方式来采集数据；\n\n数据清洗组主要就是把一些无效的脏数据找出来剔除或者替换，任务量其实很大，因为爬来的数据脏数据量很大，这个组的工作周期一般很长，任务也很重；\n\n数据融合组主要就是把爬来的课程信息把相似的归类，有上下级关系的就按照子类父类的关系列好，这一组的工作非常不好完成，目前我们做的融合效果不算好，想融合好算是一个难点。\n\n数据挖掘组就是拿到可用的数据之后通过数据挖掘算法，去研究之前设定好的影响因子之间的因果关系，主要的分类算法有决策树、贝叶斯分类、基于规则的分类、神经网络、持向量机、懒惰学习算法中的K-最近邻分类和基于案例的推理等算法；\n\n数据可视化组顾名思义就是把数据挖掘组的成果可视化展示，这样可以直观的看到数据之间的关系，并利用数据分析和开发工具发现其中未知信息的处理过程\n\n了解大数据的项目构成，那么怎么成功的做成一个项目呢？该怎么去做呢？\n\n成功项目的标志\n\n成功很多时候跟失败是反过来的：\n\n一是项目用例（目标/实用价值）清晰。\n\n从上到下，大家都明白这个大数据要做什么，包括企业的财务主管和具体业务部门，比方说营销部门，这个大数据项目是用在营销部门的，他们也很清楚，负责执行的技术部门也很清楚，这个搞清楚了以后，对大家上下一心做好项目是非常重要的。\n\n二是项目规划完善+快速迭代研发试错稳步推进。\n\n一个项目规划的时候，不要做成规划三个月、六个月，你用传统的老办法去做，最后发现实际上第一阶段结束了以后，你去做测试完全没有达到你想要的效果。我们做一个大项目要用快速迭代的方法来做，每个星期可以推出一个功能，进行快速测试，内部市场、外部市场都测试成功，下一个星期就可以进行下一个功能的研发、扩展、推广。这样的话，可以通过迅速的试错，比方说第二个星期做的方向不对，或者有些功能没有办法实现，或者跟我设计的不一样，这样的试错代价会比较低，不会等到6个月才发现有重大的错误，调整了以后第三个星期可以接着来，可以换一个方向，可以调整开发的内容，或者是功能，三个月以后，已经经过了四、五个星期的测试和研发了，基本上犯错的可能性就比较低了。', null, '0', '0', '0', null, '2021-04-09', null, '2021-04-09');
INSERT INTO `tb_article` VALUES ('17', '11', '分布式锁简单入门以及三种实现方式介绍', 'http://localhost:8888/blog/upload/8ef04d6d-be9b-4b65-a711-f442476b0537.jpg', '很多小伙伴在学习Java的时候，总是感觉Java多线程在实际的业务中很少使用，以至于不会花太多的时间去学习，技术债不断累积！等到了一定程度的时候对于与Java多线程相关的东西就很难理解，今天需要探讨的东西也是一样的和Java多线程相关的！做好准备，马上开车！', '科科程程', '', '一、为什么要使用分布式锁\n我们在开发应用的时候，如果需要对某一个共享变量进行多线程同步访问的时候，可以使用我们学到的Java多线程的18般武艺进行处理，并且可以完美的运行，毫无Bug！\n\n注意这是单机应用，也就是所有的请求都会分配到当前服务器的JVM内部，然后映射为操作系统的线程进行处理！而这个共享变量只是在这个JVM内部的一块内存空间！\n\n后来业务发展，需要做集群，一个应用需要部署到几台机器上然后做负载均衡，大致如下图：\n\n上图可以看到，变量A存在JVM1、JVM2、JVM3三个JVM内存中（这个变量A主要体现是在一个类中的一个成员变量，是一个有状态的对象，例如：UserController控制器中的一个整形类型的成员变量），如果不加任何控制的话，变量A同时都会在JVM分配一块内存，三个请求发过来同时对这个变量操作，显然结果是不对的！即使不是同时发过来，三个请求分别操作三个不同JVM内存区域的数据，变量A之间不存在共享，也不具有可见性，处理的结果也是不对的！\n\n如果我们业务中确实存在这个场景的话，我们就需要一种方法解决这个问题！\n\n为了保证一个方法或属性在高并发情况下的同一时间只能被同一个线程执行，在传统单体应用单机部署的情况下，可以使用Java并发处理相关的API(如ReentrantLock或Synchronized)进行互斥控制。在单机环境中，Java中提供了很多并发处理相关的API。但是，随着业务发展的需要，原单体单机部署的系统被演化成分布式集群系统后，由于分布式系统多线程、多进程并且分布在不同机器上，这将使原单机部署情况下的并发控制锁策略失效，单纯的Java API并不能提供分布式锁的能力。为了解决这个问题就需要一种跨JVM的互斥机制来控制共享资源的访问，这就是分布式锁要解决的问题！', null, '0', '0', '0', null, '2021-04-09', null, '2021-04-09');
INSERT INTO `tb_article` VALUES ('18', '11', '阿里面试官让我用Zk（Zookeeper）实现分布式锁', 'http://localhost:8888/blog/upload/39469d0c-edb4-44f0-ac68-cdae4b8ca1d2.jpg', '锁我想不需要我过多的去说，大家都知道是怎么一回事了吧？  在多线程环境下，由于上下文的切换，数据可能出现不一致的情况或者数据被污染，我们需要保证数据安全，所以想到了加锁。', '科科程程', '', '那分布式锁你了解过有哪些么？\n\n分布式锁实现主要以Zookeeper（以下简称zk）、Redis、MySQL这三种为主。\n\n那先跟我聊一下zk吧，你能说一下他常见的使用场景么？\n\n他主要的应用场景有以下几个：\n\n服务注册与订阅（共用节点）\n分布式通知（监听znode）\n服务命名（znode特性）\n数据订阅、发布（watcher）\n分布式锁（临时节点）\nzk是啥？\n\n他是个数据库，文件存储系统，并且有监听通知机制（观察者模式）\n\n存文件系统，他存了什么？\n\n节点\n\nzk的节点类型有4大类\n\n持久化节点（zk断开节点还在）\n\n持久化顺序编号目录节点\n\n临时目录节点（客户端断开后节点就删除了）\n\n临时目录编号目录节点\n\n节点名称都是唯一的。\n\n节点怎么创建？\n\n我特么，这样问的么？可是我面试只看了分布式锁，我得好好想想！！！\n\n还好我之前在自己的服务器搭建了一个zk的集群，我刚好跟大家回忆一波。\n\n开篇演示这么多呢，我就是想给大家看到的zk大概的一个操作流程和数据结构，中间涉及的搭建以及其他的技能我就不说了，我们重点聊一下他在分布式锁中的实现。\n\nzk就是基于节点去实现各种分布式锁的。\n\n就拿开头的场景来说，zk应该怎么去保证分布式情况下的线程安全呢？并发竞争他是怎么控制的呢？\n\n为了模拟并发竞争这样一个情况，我写了点伪代码，大家可以先看看\n\n开篇演示这么多呢，我就是想给大家看到的zk大概的一个操作流程和数据结构，中间涉及的搭建以及其他的技能我就不说了，我们重点聊一下他在分布式锁中的实现。\n\nzk就是基于节点去实现各种分布式锁的。\n\n就拿开头的场景来说，zk应该怎么去保证分布式情况下的线程安全呢？', null, '0', '0', '0', null, '2021-04-09', null, '2021-04-09');
INSERT INTO `tb_article` VALUES ('19', '11', '分布式文件系统 - 概述及主流的分布式文件系统', 'http://localhost:8888/blog/upload/2ce9813c-8347-4c23-bdab-ffcb26484460.jpg', '分布式文件系统解决了海量文件存储及传输访问的瓶颈问题，对海量视频的管理、对海量图片的管理等。  分布式文件系统（Distributed File System）是指文件系统管理的物理存储资源不一定直接连接在本地节点上，而是通过计算机网络与节点相连。', '科科程程', '', '什么是分布式文件系统\n分布式文件系统解决了海量文件存储及传输访问的瓶颈问题，对海量视频的管理、对海量图片的管理等。\n\n分布式文件系统（Distributed File System）是指文件系统管理的物理存储资源不一定直接连接在本地节点上，而是通过计算机网络与节点相连。\n\n \n\n为什么会有分布文件系统\n1.存在问题\n分布式文件系统是面对互联网的需求而产生，互联网时代对海量数据如何存储？靠简单的增加硬盘的个数已经满足不了我们的要求，因为硬盘传输速度有限但是数据在急剧增长，另外我们还要要做好数据备份、数据安全等问题。\n\n2.解决办法\n采用分布式文件系统可以将多个地点的文件系统通过网络连接起来，组成一个文件系统网络，结点之间通过网络进行通信，一台文件系统的存储和传输能力有限，我们让文件在多台计算机上存储，通过多台计算共同传输。\n好处\n1.一台计算机的文件系统处理能力扩充到多台计算机同时处理\n\n2.如果一台计算机挂了，还有另外副本计算机提供数据。\n\n3.每台计算机可以放在不同的地域，这样用户就可以就近访问，提高访问速度\n\n \n\n主流的分布式文件系统\n①NFS\n在客户端上映射NFS服务器的驱动器，客户端通过网络访问NFS服务器的硬盘完全透明。', null, '0', '0', '0', null, '2021-04-09', null, '2021-04-09');
INSERT INTO `tb_article` VALUES ('20', '11', 'Java微服务下的分布式事务介绍及其解决方案', 'http://localhost:8888/blog/upload/d4f4604d-d1c5-4427-b4c5-b891df7729b7.jpg', '由于最近在学习springcloud的项目，现在互联网下，分布式，微服务横行，难免会遇到分布式下的事务问题，这是一个难点，也是面试经常问的，别面试官一看你简历，都是微服务项目，问你了解啥是分布式事务不，你来句没有，这就很尴尬了，当然微服务下可能没有分布式事务，但是很多场景是需要分布式事务的，下面我就来介绍下什么是分布式事务，和分布式事务的解决方案 ———————————————— 版权声明：本文为CSDN博主「Carry-wws」的原创文章，遵循CC 4.0 BY-SA版权协议，转载请附上原文出处链接及本声明。 原文链接：https://blog.csdn.net/oldshaui/article/details/88743085', '科科程程', '', '什么是分布式系统\n部署在不同结点上的系统通过网络交互来完成协同工作的系统\n比如：充值加积分的业务，用户在充值系统向自己的账户充钱，在积分系统中自己积分相应的增加。充值系统和积分系统是两个不同的系统，一次充值加积分的业务就需要这两个系统协同工作来完成。\n\n什么是事务\n事务是指由一组操作组成的一个工作单元，这个工作单元具有原子性（atomicity）、一致性（consistency）、隔离性（isolation）和持久性（durability）。\n原子性：执行单元中的操作要么全部执行成功，要么全部失败。如果有一部分成功一部分失败那么成功的操作要全部回滚到执行前的状态。\n一致性：执行一次事务会使用数据从一个正确的状态转换到另一个正确的状态，执行前后数据都是完整的。 隔离性：在该事务执行的过程中，任何数据的改变只存在于该事务之中，对外界没有影响，事务与事务之间是完全的隔离的。只有事务提交后其它事务才可以查询到最新的数据。\n持久性：事务完成后对数据的改变会永久性的存储起来，即使发生断电宕机数据依然在。\n\n什么是本地事务\n本地事务就是用关系数据库来控制事务，关系数据库通常都具有ACID特性，传统的单体应用通常会将数据全部存储在一个数据库中，会借助关系数据库来完成事务控制。\n\n什么是分布式事务\n在分布式系统中一次操作由多个系统协同完成，这种一次事务操作涉及多个系统通过网络协同完成的过程称为分布式事务。这里强调的是多个系统通过网络协同完成一个事务的过程，并不强调多个系统访问了不同的数据库，即使多个系统访问的是同一个数据库\n\n一致性(Consistency)：服务A、B、C三个结点都存储了用户数据， 三个结点的数据需要保持同一时刻数据一致性。\n可用性(Availability)：服务A、B、C三个结点，其中一个结点宕机不影响整个集群对外提供服务，如果只有服务A结点，当服务A宕机整个系统将无法提供服务，增加服务B、C是为了保证系统的可用性。\n分区容忍性(Partition Tolerance)：分区容忍性就是允许系统通过网络协同工作，分区容忍性要解决由于网络分区导致数据的不完整及无法访问等问题。\n分布式系统不可避免的出现了多个系统通过网络协同工作的场景，结点之间难免会出现网络中断、网延延迟等现象，这种现象一旦出现就导致数据被分散在不同的结点上，这就是网络分区', null, '0', '0', '0', null, '2021-04-09', null, '2021-04-09');
INSERT INTO `tb_article` VALUES ('21', '11', '阿里巴巴开源分布式事务解决方案 seata（原Fescar）', 'http://localhost:8888/blog/upload/9658e53c-1f92-4d15-800c-2da1638c2420.jpg', 'Fescar 是 阿里巴巴 开源的 分布式事务中间件，以 高效 并且对业务 0 侵入 的方式，解决 微服务 场景下面临的分布式事务问题。', '科科程程', '', '1. 什么是微服务化带来的分布式事务问题？\n首先，设想一个传统的单体应用（Monolithic App），通过 3 个 Module，在同一个数据源上更新数据来完成一项业务。\n\n很自然的，整个业务过程的数据一致性由本地事务来保证。\n\nMonolithic architecture\n\n随着业务需求和架构的变化，单体应用被拆分为微服务：原来的 3 个 Module 被拆分为 3 个独立的服务，分别使用独立的数据源（Pattern: Database per service）。业务过程将由 3 个服务的调用来完成。\n\nMicroservices architecture\n\n此时，每一个服务内部的数据一致性仍有本地事务来保证。而整个业务层面的全局数据一致性要如何保障呢？这就是微服务架构下面临的，典型的分布式事务需求：我们需要一个分布式事务的解决方案保障业务全局的数据一致性。\n\nFescar Solution\n\n2. Fescar 的发展历程\n阿里是国内最早一批进行应用分布式（微服务化）改造的企业，所以很早就遇到微服务架构下的分布式事务问题。\n\n2014 年，阿里中间件团队发布 TXC（Taobao Transaction Constructor），为集团内应用提供分布式事务服务。\n\n2016 年，TXC 经过产品化改造，以 **GTS（Global Transaction Service）**的身份登陆阿里云，成为当时业界唯一一款云上分布式事务产品，在阿云里的公有云、专有云解决方案中，开始服务于众多外部客户。\n\n2019 年起，基于 TXC 和 GTS 的技术积累，阿里中间件团队发起了开源项目 Fescar（Fast & EaSy Commit And Rollback, FESCAR），和社区一起建设这个分布式事务解决方案。\n\nTXC/GTS/Fescar 一脉相承，为解决微服务架构下的分布式事务问题交出了一份与众不同的答卷。\n\n2.1 设计初衷\n高速增长的互联网时代，快速试错 的能力对业务来说是至关重要的：\n\n一方面，不应该因为技术架构上的微服务化和分布式事务支持的引入，给业务层面带来额外的研发负担。\n另一方面，引入分布式事务支持的业务应该基本保持在同一量级上的性能表现，不能因为事务机制显著拖慢业务。\n基于这两点，我们设计之初的最重要的考量就在于：\n\n对业务无侵入： 这里的 侵入 是指，因为分布式事务这个技术问题的制约，要求应用在业务层面进行设计和改造。这种设计和改造往往会给应用带来很高的研发和维护成本。我们希望把分布式事务问题在 中间件 这个层次解决掉，不要求应用在业务层面做额外的工作。\n高性能： 引入分布式事务的保障，必然会有额外的开销，引起性能的下降。我们希望把分布式事务引入的性能损耗降到非常低的水平，让应用不因为分布式事务的引入导致业务的可用性受影响。\n2.2 既有的解决方案为什么不满足？\n既有的分布式事务解决方案按照对业务侵入性分为两类，即：对业务无侵入的和对业务有侵入的。\n\n业务无侵入的方案\n既有的主流分布式事务解决方案中，对业务无侵入的只有基于 XA 的方案，但应用 XA 方案存在 3 个方面的问题：\n\n要求数据库提供对 XA 的支持。如果遇到不支持 XA（或支持得不好，比如 MySQL 5.7 以前的版本）的数据库，则不能使用。\n受协议本身的约束，事务资源的锁定周期长。长周期的资源锁定从业务层面来看，往往是不必要的，而因为事务资源的管理器是数据库本身，应用层无法插手。这样形成的局面就是，基于 XA 的应用往往性能会比较差，而且很难优化。\n已经落地的基于 XA 的分布式解决方案，都依托于重量级的应用服务器（Tuxedo/WebLogic/WebSphere 等)，这是不适用于微服务架构的。\n侵入业务的方案\n实际上，最初分布式事务只有 XA 这个唯一方案。XA 是完备的，但在实践过程中，由于种种原因（包含但不限于上面提到的 3 点）往往不得不放弃，转而从业务层面着手来解决分布式事务问题。比如：\n\n基于可靠消息的最终一致性方案\nTCC\nSaga\n都属于这一类。这些方案的具体机制在这里不做展开，网上这方面的论述文章非常多。总之，这些方案都要求在应用的业务层面把分布式事务技术约束考虑到设计中，通常每一个服务都需要设计实现正向和反向的幂等接口。这样的设计约束，往往会导致很高的研发和维护成本。', null, '0', '0', '0', null, '2021-04-09', null, '2021-04-09');
INSERT INTO `tb_article` VALUES ('22', '12', '人工智能--CV视觉方向详细知识体系总结（2021新）', 'http://localhost:8888/blog/upload/359605e6-773d-423e-9593-850843338a67.jpg', '本文专注整理一些有关计算机视觉的知识体系，这不是最终版，会不定期的更新。视觉跟踪技术是计算机视觉领域的一个重要研究方向，在军事制导、视频监控、机器人视觉导航、人机交互、以及医疗诊断等许多方面有着广泛的应用前景。', '科科程程', '', '整理的CV知识体系主要包括基础知识，工具，图像分类，目标检测，图像分割，目标跟踪，人脸识别，推荐书籍以及一些常见面试题目，包含了作为一个CV工程师在开发工作学习中需要用到或者可能用到的绝大部分知识。千里之行始于足下，希望大家根据自己的薄弱点，查缺补漏，根据自己感兴趣的方面多学习，学的精通一点，从现在开始行动起来。路漫漫其修远兮，吾将上下而求索，不管编程开发的路有多么难走，多么艰辛，我们都将百折不挠，不遗余力地去追求和探索。\n\n文中有哪里写的不对的地方，欢迎各位大佬前来指正~~~\n\n图像分割\n图像分割可以分为普通分割，语义分割和实例分割。\n\n普通分割：将不同分属不同物体的像素区域分开。 如前景与后景分割开，狗的区域与猫的区域与背景分割开。\n\n语义分割：在普通分割的基础上，分类出每一块区域的语义（即这块区域是什么物体）。如把画面中的所有物体都指出它们各自的类别。\n\n实例分割：在语义分割的基础上，给每个物体编号。 如这个是该画面中的狗A，那个是画面中的狗B。\n\nMask Rcnn\n目标跟踪\n视觉跟踪技术是计算机视觉领域的一个重要研究方向，在军事制导、视频监控、机器人视觉导航、人机交互、以及医疗诊断等许多方面有着广泛的应用前景。、视觉目标跟踪在近十几年里有了突破性的进展，使得视觉跟踪算法不仅仅局限于传统的机器学习方法，更是结合了近些年人工智能热潮—深度学习（神经网络）和相关滤波器等方法，并取得了鲁棒（robust）、精确、稳定的结果。目标跟踪分为单目标跟踪和多目标跟踪，后续会更新详细的算法介绍。\n\n人脸识别\n人脸识别，是基于人的脸部特征信息进行身份识别的一种生物识别技术。用摄像机或摄像头采集含有人脸的图像或视频流，并自动在图像中检测和跟踪人脸，进而对检测到的人脸进行脸部识别的一系列相关技术，通常也叫做人像识别、面部识别。人脸识别任务首先需要检测到人脸，在对人脸进行信息的匹配，从而实现特定的任务。人脸识别的算法页很多，详细的算法介绍更新中。', null, '0', '0', '0', null, '2021-04-09', null, '2021-04-09');
INSERT INTO `tb_article` VALUES ('23', '12', '嵌入式工程师的真实现状，有人月薪 8 千，有人年薪快 40 万！', 'http://localhost:8888/blog/upload/e9a8dfe9-daa0-4f77-b1d4-ddafd7fa9fe4.jpg', '在百度搜索“嵌入式”、“嵌入式开发”、“嵌入式发展前景”等字眼，出来的都是一大堆培训机构，以及大篇幅的他们所谓的对嵌入式行业的“见解”，不否定其内容有一定的专业性，但“卖瓜赞瓜”的道理谁都懂。', '科科程程', '', '1.嵌入式的定义和举例分析\n官方定义：\n\n根据IEEE（国际电气和电子工程师协会）的定义，嵌入式系统是“控制、监控或者辅助设备、机器和车间运行的装置”。\n\n这主要是从应用上加以定义的，从中可以看出嵌入式系统是软件和硬件的综合体，还可以涵盖机械等附属装置。\n\n目前国内一个普遍被认同的定义是：以应用为中心、以计算机技术为基础，软件硬件可裁剪，适应应用系统对功能、可靠性、成本、体积、功耗严格要求的专用计算机系统。\n\n说白了就是先设计硬件，然后根据需求编写能在该硬件上运行的软件，就成了所谓的“智能硬件”。\n\n或者说得还不够明白，那行，我们说一说具体的嵌入式产品有哪些，嵌入式是做什么的：\n\n传统嵌入式产品：空调主控模块、冰箱主控模块、家用遥控器、智能手机、教学投影仪、音响系统、雷达系统、路由器等等；\n\n前沿嵌入式产品：无人机、智能音响、机器人控制、城市天眼系统、智能家具、自动驾驶汽车、扫地机器人、小米手环等等；\n2.嵌入式工程师在企业工作的真实内容\n嵌入式软件开发具体可以分三类：\n\n嵌入式驱动工程师：编写和移植各种芯片驱动（如音频芯片），优化硬件设备驱动（如温湿度传感器），得精通各种硬件接口协议（如I2C协议）、系统调度、信号量、锁机制等等，开发难度最大。\n\n该类开发者一般是软硬件综合型人才，一般的嵌入式驱动工程师指Linux上的驱动开发工程师，需要精通Linux驱动框架（platform框架、input子系统框架等），结合芯片本身去编写驱动，驱动的好坏很大程度上决定一个产品的好坏。业界对驱动人才的定义是三年才算入门，可见此门槛之高。\n\n嵌入式系统工程师：主要是编写固件，根据不同平台移植操作系统，根据应用场景来优化系统，需要熟悉整个操作系统组成与调度，对固件的稳定性高求很高，如果系统不稳定，驱动和应用也是白做的。\n\n嵌入式应用工程师：编写业务逻辑程序，调用驱动工程师提供的接口控制设备，软件开发过程所涉内容范围非常广，主要使用C语言开发，但经常会涉及C++、Java、python、JavaScript、PHP等各类语言以及各种脚本语言、数据库、前端后台、各种通讯协议、甚至一些从来没听过的协议或概念。\n\n这需要很强的学习能力，该职位也是各大公司需量最大的，一般10人的开发小组，驱动开发与系统开发与应用开发的比例是1：2：7。\n\n根据我的经验，世界上可以分成两种嵌入式工程师，一种是大公司的嵌入式工程师，另一种是小公司的嵌入式工程师，我知道这样分类很不妥，但并非毫无道理，请听我一一下概述：\n\n大公司：大公司的特色是什么？答案：人多！', null, '0', '0', '0', null, '2021-04-09', null, '2021-04-09');
INSERT INTO `tb_article` VALUES ('24', '12', '人工智能和AI到底是什么？？浅谈人工智能和AI', 'http://localhost:8888/blog/upload/efd33080-394b-4f69-a987-d35db4a35fdc.jpg', '人工智能是计算机科学的一个分支，它企图了解智能的实质，并生产出一种新的能以人类智能相似的方式做出反应的智能机器，该领域的研究包括机器人、语言识别、图像识别、自然语言处理和专家系统等。人工智能从诞生以来，理论和技术日益成熟，应用领域也不断扩大，可以设想，未来人工智能带来的科技产品，将会是人类智慧的“容器”。 ———————————————— 版权声明：本文为CSDN博主「溜_x_i_a_o_迪」的原创文章，遵循CC 4.0 BY-SA版权协议，转载请附上原文出处链接及本声明。 原文链接：https://blog.csdn.net/u013946061/article/details/106948771', '科科程程', '', '我们每天所谈论的人工智能，究竟是什么？\n        人工智能（Artificial Intelligence），英文缩写为AI。它是研究、开发用于模拟、延伸和扩展人的智能的理论、方法、技术及应用系统的一门新的技术科学。\n        人工智能是计算机科学的一个分支，它企图了解智能的实质，并生产出一种新的能以人类智能相似的方式做出反应的智能机器，该领域的研究包括机器人、语言识别、图像识别、自然语言处理和专家系统等。人工智能从诞生以来，理论和技术日益成熟，应用领域也不断扩大，可以设想，未来人工智能带来的科技产品，将会是人类智慧的“容器”。人工智能可以对人的意识、思维的信息过程的模拟。人工智能不是人的智能，但能像人那样思考、也可能超过人的智能。\n        人工智能是一门极富挑战性的科学，从事这项工作的人必须懂得计算机知识，心理学和哲学。人工智能是包括十分广泛的科学，它由不同的领域组成，如机器学习，计算机视觉等等，总的说来，人工智能研究的一个主要目标是使机器能够胜任一些通常需要人类智能才能完成的复杂工作。但不同的时代、不同的人对这种“复杂工作”的理解是不同的。 2017年12月，人工智能入选“2017年度中国媒体十大流行语”。\n        简单而言什么是人工智能这个问题的答案很简单，但它非常重要。如何理解人工智能，决定了我们如何面对人工智能，如何抓住人工智能浪潮所带来的时代机遇。\n\n        在知道答案之前，需要先了解一下：最近一些年，人工智能给我们的生活带来了哪些变化。它们不声不响地发生着，当你发觉时却早已势不可挡……\n\n我们正处于AI时代：\n        其实，我们即将处于一个人工智能时代，每天都在和人工智能打交道。现在，让我们一起正式推开人工智能的大门，一起来扒一扒AI对我们『衣食住行』的影响。\n\n衣食住行中的AI\n        前几日我去逛街，发现Selected的实体店里多了一个试衣神器叫魔镜系统，手只要轻轻一挥，就可以展现各种衣服在身上的效果，原来它长这副模样。\n 它主要使用了计算机视觉和3D建模技术，消费者只在魔镜里输入自己的性别、身高、体型就可以选择心仪的衣服，进而通过技术将服装的虚拟影像『穿』在镜中的人像上，同时还可更换为同一款式的其他色彩。这就可以在更短的时间里试穿更多的衣服，而且省去排队的麻烦，这真是给女生的一大福利啊！对于商家也是一大福音，自2008年，全球最大的时尚集团之一绫致时装将selected引进中国市场以来，SELECTED由最初的50家店铺，增长到现在已超过1000家。\n        SELECTED基于新零售这个时代趋势下的，采用大数据技术、人工智能技术更大程度上的充实客户体验感，提高品牌影响力。\n\n        同是服装行业的优衣库，在四月新发布的福布斯2019年富豪榜中，优衣库的创始人柳井正击败软银掌门人孙正义再次成为日本首富，其中RFID电子标签、智慧门店发挥了不容小觑的作用。\n\n        RFID电子标签也就是射频识别技术，相较于需要人工操作的条形码，RFID标签使得购物篮中的所有商品可以一次扫描，大大节省支付和库存管理的时间，从而保证热销产品产量迅速提高。\n\n        另外，RFID电子标签将获取更加详尽的信息，比如消费者何时拿取商品和放回货架，及产品于何时何地售出，其产生的大量数据可以结合人工智能技术可以分析消费者行为。', null, '0', '0', '0', null, '2021-04-09', null, '2021-04-09');
INSERT INTO `tb_article` VALUES ('25', '12', '精品收藏：GitHub人工智能AI开源项目', 'http://localhost:8888/blog/upload/1c888a1c-4802-4d63-99de-649e7c593017.jpg', '绝对精品！！！花了点时间，鄙人把这几年收藏的开源精品项目，整理一下，方面以后查找。其中涵盖了姿态检测，图像分割，图像分类，美学评价、人脸识别、多尺度训练，移动端的AI 计算引擎，卫星图像，NLP，Python包，文字检测，NCRF，DALI 等开源项目。', '科科程程', '', 'DensePose-实时人体姿态估计\nDensePose 是Facebook 研究院开发的一种实时人体姿态估计方法，它能够将2D RGB 图像中的目标像素映射到3D 表面模型。DensePose 项目旨在通过这种基于3D 表面模型来理解图像中的人体姿态，并能够有效地计算2D RGB 图像和人体3D 表面模型之间的密集对应关系。与人体姿势估计需要使用10或20个人体关节(手腕，肘部等) 不同的是，DenPose 使用超过5000个节点来定义，由此产生的估计准确性和系统速度将加速AR和VR 工作的连接。\nOD Annotation-目标检测数据集标注工具\n本项目是一个目标检测数据集标注工具，采用 Python-flask 框架开发，基于 B/S 方式交互，支持多人同时标注。\n\n项目特点如下：\n\nB/S 方式交互\n支持多人同时标注（可分配不同标注人员的标注范围，或不同人员标注不同类别）\n类别采用选择方式，免去手工输入类别工作\n支持拖拽方式修正标注区域\n支持键盘方向键切换标注样本\nOD Annotation-目标检测数据集标注工具\n本项目是一个目标检测数据集标注工具，采用 Python-flask 框架开发，基于 B/S 方式交互，支持多人同时标注。\n\n项目特点如下：\n\nB/S 方式交互\n支持多人同时标注（可分配不同标注人员的标注范围，或不同人员标注不同类别）\n类别采用选择方式，免去手工输入类别工作\n支持拖拽方式修正标注区域\n支持键盘方向键切换标注样本\nOD Annotation-目标检测数据集标注工具\n本项目是一个目标检测数据集标注工具，采用 Python-flask 框架开发，基于 B/S 方式交互，支持多人同时标注。\n\n项目特点如下：\n\nB/S 方式交互\n支持多人同时标注（可分配不同标注人员的标注范围，或不同人员标注不同类别）\n类别采用选择方式，免去手工输入类别工作\n支持拖拽方式修正标注区域\n支持键盘方向键切换标注样本\n\n', null, '0', '0', '0', null, '2021-04-09', null, '2021-04-09');
INSERT INTO `tb_article` VALUES ('26', '12', '人工智能那么火~如今AI的应用场景都有哪些？', 'http://localhost:8888/blog/upload/748aa383-d2c2-44ca-aa5b-6234077a84b5.jpg', 'ReWork的一份最新AI落地应用报告，阐述了企业该如何使用AI技术。谷歌的Ian GoodFellow、DeepMind的 Jörg Bornschien、英伟达的Kimberly Powell等知名AI研究员参与了这一份AI报告的访谈并发表观点。受访者认为，在接下来的几十年，深度学习模型的大小将呈指数级增长，我们将找到越来越好的神经网络架构和参数，达到甚至超越人类水平。', '科科程程', '', 'AI 快速增长的背后：技术、资本、企业\n\n人工智能正在颠覆和改变它所触及的每一个行业。从商业运营和效率到创新的客户服务方式、医学研究的突破、更智能的交通系统和更有针对性的广告活动，这是当今世界不可避免的现实。不愿意采用AI的企业将落后，预计AI软件的直接和间接应用产生的收入将从2016年的13.8亿美元增长到2025年的597.5亿美元。(Tractica,2017)\n\n“随着机器变得越来越智能，消费者将会期待24小时内的完美服务，到2025年，AI将会占到所有客户互动的95%，消费者在在线聊天或电话中将无法区分机器人和人类员工。”(Servion,2017)\n\n得益于海量数据和日益智能化的算法，机器可以学习、说话、做出明智的决策，并以一种越来越有效的方式执行复杂的任务。这不仅推动了研究上的突破，而且在业界的实施也证明了AI在现实世界中的应用可能对各行各业的企业产生巨大的潜在影响，包括零售和广告、医疗保健、销售和市场营销、交通运输、旅游等。\n\n是什么令AI的进步如此迅速?\n\nAI需要庞大的数据集，而“真正伟大的科学与技术的惊人进步使我们能够收集到前所未有的数据”，从而使模型能够更快地学习。(Jasper Snoek，谷歌大脑)\n\n目前的发展速度并没有被预见，比如OpenAI的Ankur Handa，并没有预见到在多伦多大学Geoffrey Hinton的研究团队发表第一篇卷积神经网络的论文之后，短短三年的时间里，CNN在ImageNet竞赛中实现了“超越人类的表现”。虽然这些进展迅速而且有影响力，但你的业务是否应该采用AI，这是需要考虑的。诸如成本、可用数据、行业相关性和人员配置，以及可能的ROI等因素是所有规模的企业需要考虑的因素。本报告后面的章节将为这些关键因素提供解决方案，以发现AI在行业中的影响，以及你是否应该在你的业务中使用这些技术。\n\n谁在推动AI的发展?\n\n不仅仅是科技巨头在引领了AI竞赛，还包括大学、风险资本家(VC)和内部研究人员。机构和行业专家的研究为企业将这些模型应用于他们的工作打开了大门，而针对AI的风投正在通过他们的资金来帮助研究取得突破。\n\n是什么令AI的进步如此迅速?\n\nAI需要庞大的数据集，而“真正伟大的科学与技术的惊人进步使我们能够收集到前所未有的数据”，从而使模型能够更快地学习。(Jasper Snoek，谷歌大脑)\n\n目前的发展速度并没有被预见，比如OpenAI的Ankur Handa，并没有预见到在多伦多大学Geoffrey Hinton的研究团队发表第一篇卷积神经网络的论文之后，短短三年的时间里，CNN在ImageNet竞赛中实现了“超越人类的表现”。虽然这些进展迅速而且有影响力，但你的业务是否应该采用AI，这是需要考虑的。诸如成本、可用数据、行业相关性和人员配置，以及可能的ROI等因素是所有规模的企业需要考虑的因素。本报告后面的章节将为这些关键因素提供解决方案，以发现AI在行业中的影响，以及你是否应该在你的业务中使用这些技术。\n\n谁在推动AI的发展?\n\n不仅仅是科技巨头在引领了AI竞赛，还包括大学、风险资本家(VC)和内部研究人员。机构和行业专家的研究为企业将这些模型应用于他们的工作打开了大门，而针对AI的风投正在通过他们的资金来帮助研究取得突破。', null, '0', '0', '0', null, '2021-04-09', null, '2021-04-09');
INSERT INTO `tb_article` VALUES ('27', '9', '约翰逊发表声明 悼念菲利普亲王', 'http://localhost:8888/blog/upload/60d03091-fed8-4bad-863d-df80fb4dfd7c.jpg', '海外网4月9日电 当地时间9日，英国白金汉宫发表声明称，英国女王伊丽莎白二世的丈夫菲利普亲王去世，享年99岁。英国首相约翰逊当天发表声明称，“他维护了英国君主制和王室的稳定”。', '科科程程', '', '海外网4月9日电 当地时间9日，英国白金汉宫发表声明称，英国女王伊丽莎白二世的丈夫菲利普亲王去世，享年99岁。英国首相约翰逊当天发表声明称，“他维护了英国君主制和王室的稳定”。\n\n据英国天空新闻网9日报道，约翰逊当天发表声明称，“他维护了英国君主制和王室的稳定，使得王室能够为国家的平衡和幸福发挥关键作用”。约翰逊还表示，“他激励了无数年轻人，通过活动为他们赋予了希望和热情”。\n\n此外，澳大利亚总理莫里森、苏格兰地方政府首席部长、威尔士地方政府首席部长也发表了声明，追悼菲利普亲王。（海外网 王西洛）\n\n海外网版权作品，未经授权不得转载。', null, '0', '0', '0', null, '2021-04-09', null, '2021-04-09');
INSERT INTO `tb_article` VALUES ('28', '9', '外交部回应美打压中国超级计算机实体', 'http://localhost:8888/blog/upload/4f04cfd7-b377-404e-add4-b3ff4cdf3564.jpg', '原标题：外交部回应美打压中国超级计算机实体：坚决维护中国企业合法权益', '科科程程', '', '原标题：外交部回应美打压中国超级计算机实体：坚决维护中国企业合法权益\n\n针对美国商务部宣称将7个中国超级计算机实体列入所谓管制“实体清单”，外交部发言人赵立坚4月9日在例行记者会上说，美方一再泛化国家安全概念、滥用实体清单，不择手段恶意打压中国高科技企业，中方对此坚决反对。“美国在超级计算机领域对中国实施技术封锁由来已久，但中国超级计算机依然凭借自主创新跃居全球领先地位，#美国的遏制打压阻挡不了中国科技进步发展的步伐#，只会更加坚定中国自主创新的决心和意志。”他说，针对美方的有关措施，中方将采取必要措施，坚决维护中国企业的合法权益。（记者潘洁、伍岳）', null, '0', '0', '0', null, '2021-04-09', null, '2021-04-09');
INSERT INTO `tb_article` VALUES ('29', '9', '百世快递、极兔因“低价倾销”被罚：义乌部分分拨中心停运', 'http://localhost:8888/blog/upload/564a4675-c846-4a4b-9807-b926031d0a95.jpg', '财经网科技讯，4月9日，据21世纪经济报道，义乌邮政管理局人士确认，因“低价倾销”，百世快递、极兔速递被整治，主要措施是停运部分分拨中心，已于当日执行。', '科科程程', '', '财经网科技讯，4月9日，据21世纪经济报道，义乌邮政管理局人士确认，因“低价倾销”，百世快递、极兔速递被整治，主要措施是停运部分分拨中心，已于当日执行。\n\n另据报道援引一份义乌邮政管理局于4月6日下发的针对前述快递企业其中之一的警示函显示，义乌邮政管理局措辞相当严厉，且直指快递公司“低价倾销”。\n\n“我局于3月10日、3月19日、3月23日及4月1日，多次知会你公司，同时告诫你公司不得用远低于成本价格进行倾销，但至今你公司未按照要求进行整改。要求你公司于4月9日前整改完毕。”警示函中提到。\n\n由于整改未达要求，4月9日，义乌邮政管理局责令百世、极兔部分分拨中心停业整顿。', null, '0', '0', '0', null, '2021-04-09', null, '2021-04-09');
INSERT INTO `tb_article` VALUES ('30', '2', '八年老程序员现身说法：亲授一波职场程序员新人指南，被追着喊666', 'http://localhost:8888/blog/upload/f8cbe259-a549-4750-acfb-274c20a48e71.jpg', '最近在知乎里有一个同学付费咨询问我，他刚刚毕业，即将进入职场，有些紧张，不知道如何才能表现出色，问我有没有什么建议。我和他一通畅聊，当中迸发了不少很有价值的问题，我选择了其中几个整理成了今天的文章，分享给大家。', '科科程程', '', '明处亮相、暗处努力\n有句俗语叫做幸福的人往往有相似的幸福，而不幸的人各有各的不幸。其实这句话放在职场当中也一样适用，优秀的人往往有一些相似的特质，而拉胯的人则各有各的拉胯。\n\n首先说说第一条，我给它总结为明处亮相、暗处努力。这句话其实很好理解，明处亮相是说我们在做事的时候要正大光明，有底气有勇气，不怕与人交涉，也就是高调做事的意思。我在职场当中曾经听说过很多传说，最传奇的一次是之前在阿里妈妈的时候，听说有一位P5运营小姐姐为了一个需求，每次被拒绝就找上一层的领导，一直找到了整个部门P11的老大。这个案例给我非常震撼，我想换了绝大多数人是没有这个勇气的，即使非常坚信自己一定是正确的。\n\n再来说说暗处努力，在职场当中毫无疑问我们一定是需要努力的。不论是努力学习提升我们的业务、技术能力，还是努力把一件事情做好，都是必不可少的。但个人努力是一件相对比较私人的事情，不宜放上台面来说。一方面整天聊起自己看了哪些论文，学了哪些技术可能会让人觉得你凡尔赛，或者是刺痛一些已经躺平的咸鱼老人，会让他们对你产生不喜。另一方面如果自己不小心事情办出了纰漏，也很容易让人怀疑，你口口声声说自己努力、学习了很多，怎么还这么菜。\n\n所以说宣扬自己如何如何努力是一件挺没有必要的事情，我还是觉得在职场上怀才就像怀孕，时间久了总是会被看出来的。\n学会看人、学会跟人\n作为新人进入职场，首当其冲就是要学会看人和跟人。如果不小心跟了一个本身拉胯的，非但学不到什么东西，还可能连累自己。那怎么判断一个人值不值得跟，判断一个职场前辈究竟有几斤几两呢？\n\n俗话说一个人的野心有多大，他的舞台就有多大。别以为这句话是鸡汤，其实很有道理。举个例子来说，我们都知道在组里每一个人负责一块业务，但并没有说一个人是不是只能了解分配给自己的业务或者是技术。如果你发现某一个人非但对自己领域内的技术细节了如指掌，还对其他人的项目也很关心和了解，那么此人必定不简单，肯定有非常强的驱动力以及意志力。如果你发现一个所谓的资深工程师对自己领域下的很多细节还不清楚，经常要问别人，那么十有八九，这个人是个老油条，已经躺平很久了。\n\n另外一个技巧是观察，观察团队当中出现了问题除了leader之外都找谁解决，这个人往往在团队当中非同一般。举个例子，比如说你发现自己找其他同事问了好几个问题，他们的回答都很一致让你去问张三。那么这个张三大概率应该是团队中的技术骨干，至少他承担了很多他工作之外的责任。你就可以把这个人当做榜样和学习的对象。\n\n再来说说跟人，跟人其实考验的是你的沟通能力，也就是情商。一般来说新人进入团队跟着谁这个是主管和leader安排的，新人啥也不知道刚进来也发表不了什么意见。那之后找到了更好的学习对象想要换一个人跟怎么办呢？很多人觉得好像就没辙了，其实有办法，也很简单。就是找老板沟通，表达自己的想法。说起来简单，但是操作有不小的难度。\n\n如果我们站在leader的角度来思考，他其实不太关心哪一个人都跟着谁的，他更多的是关心团队的产出和业绩。所以有这么几个问题就必须要考虑，如果你转过去了，你当下的工作怎么办，交接给谁？你过去之后会不会导致人力分配不均，那边人力过剩，这边人力不足？会不会引起一些人的不满，年底了绩效怎么分配？\n\n所以比较好的办法是你先和张三熟络起来，然后把当前手头的事情做好，等一个项目结束聊绩效或者是淡季比较不忙的时候找到老板沟通自己的想法。沟通的时候以表明自己的想法和诉求为主，至于这个事情之后的走向则交给老板来安排，毕竟这也不是我们能帮上忙的。\n', null, '0', '0', '0', null, '2021-04-09', null, '2021-04-09');
INSERT INTO `tb_article` VALUES ('31', '4', '面试官的一句话点破了我：三年的前端经验只相当于人家一年的经验', 'http://localhost:8888/blog/upload/6475be7e-adb9-4ff0-aaa7-e648ae777e9d.jpg', '那一天我二十一岁，在我一生的黄金时代。我有好多奢望。我想爱，想吃，还想在一瞬间变成天上半明半暗的云。后来我才知道，生活就是个缓慢受锤的过程，人一天天老下去，奢望也一天天消失，最后变得像挨了锤的牛一样。可是我过二十一岁生日时没有预见到这一点。我觉得自己会永远生猛下去，什么也锤不了我。 ——王小波《黄金时代》 ———————————————— 版权声明：本文为CSDN博主「李不要熬夜」的原创文章，遵循CC 4.0 BY-SA版权协议，转载请附上原文出处链接及本声明。 原文链接：https://blog.csdn.net/weixin_52546522/article/details/115493831', '科科程程', '', '我在一家公司待三年了，最近找工作两个星期了，小公司还好，大公司屡屡碰壁，今天在面试官问我还有什么问题要问他的时候。\n\n我说，我比起哪些优秀者来说，缺了什么？\n\n面试官：你给我的感觉像刚毕业的，你做事各方面态度积极，解决问题也快，但是你掌握的知识是零散的，不是系统的。你解决一个问题之后也没有去反思问题背后的知识，可以做哪些优化。\n我：对，我最近也害怕我三年经验只相当于人家一年的经验。\n面试官：你已经是这样了。\n\n说出来有点害臊，反思这个东西也是痛苦的，所以可能以前我也逃避去思考，去优化，去构建自己的知识体系，然后一点点的变为平庸。\n\n仔细想来，我也不是特别喜欢编码，但是这是我的事业，我靠它吃饭，我热爱它，我喜欢解决完问题之后的成就感。说来惭愧，都是面对百度编程。\n\n我在一家公司待着，刚毕业的时候接触了一些小程序，后来接触vue，熟悉vue，慢慢的搭建公司的项目，熟练使用vue全家桶，三年来，我只是一个熟练的架子工而已。只是去使用，没有真正地去了解背后的实现过程和原理。像温水里的青蛙，发现自己想拼命跳出锅里的时候已经被煮熟了。\n\n具体来说，我失败主要有下面这几个方面：\n基础不扎实：网络基础知识不扎实，深入问到http和网络问题就死翘翘\n没有对项目进行复盘总结和衍生：对于做过的项目，没有去深刻地思考怎么优化，自己可不可以实现一个类似的插件等，使用的这个插件是什么原理，只是贪图快速解决问题，就放着不管了\n无输入的产出代码：总是在项目中积累经验，使用惯性方法去解决问题，没有主动去系统学习，没有输入的产出代码，最后只是重复性劳动而已\n逃避算法：之前我的态度就是，“用不到，看不见，不管，不碰”，结果被卡主脖子\n反思自己在求学路上遇到的不少学霸，都是善于归纳，总结，和吸收，举一反三的。这类人不仅是在学习上，就算在就业上，在各个行业都是蛮吃香的，他们学习东西快，上手也快。归纳总结，不断重复训练，吸收为自己的东西。\n\n见贤思齐焉，见不贤而内自省也。\n\n希望各位能把我当做反面教材，不想学的时候能想起我，“看看那个前端，工作三年了还像一年的，不学习就是他这种后果。”\n\n故事结束，回到自身，小编想说的是，职场上有两种状态：一种是温水煮青蛙，煮到最后被沸腾掉；另一种就是坐冷板凳，你自己再不起来越坐越冷，最后你的屁股就冰的恨不得粘在哪板凳上，你都不知道。这两个种极端都很可怕，人一定要有自知，不要陷在一个情境里面，包括一个特别好的情境，你也要自知，你要知道那一定不是常态，忧患意识很重要。还有很重要的一点，就是你一定不是说你现在就可以心安理得得享受这一切，你一定要知道，你在最高峰的时候，下面一定是下坡路，你一定要有办法，要么拽住自己，下滑的速度慢一点，要么就是要做好准备，积蓄东西，在我下滑之后，我有办法再弹起来。人生就是在战斗，每时每刻哪怕比如说不管是坐冷板凳的人还是一直在顶峰的人，都是在战斗，停不下来的。\n\n有句话是这么说的：栽一棵树最好的时间是十年前，其次是现在。心灵鸡汤也不多讲，给大家分享干货最为实在，我结合了朋友面试题整理出了几套前端面试题资料，大家点击这里就可以直接免费领取完整版PDF啦！', null, '0', '0', '0', null, '2021-04-09', null, '2021-04-09');

-- ----------------------------
-- Table structure for tb_article_attachment
-- ----------------------------
DROP TABLE IF EXISTS `tb_article_attachment`;
CREATE TABLE `tb_article_attachment` (
  `id` int(11) NOT NULL AUTO_INCREMENT,
  `article_id` int(11) NOT NULL,
  `url` varchar(100) DEFAULT NULL,
  `description` varchar(100) DEFAULT NULL,
  `suffix` varchar(50) DEFAULT NULL,
  PRIMARY KEY (`id`) USING BTREE
) ENGINE=InnoDB DEFAULT CHARSET=utf8 ROW_FORMAT=DYNAMIC;

-- ----------------------------
-- Records of tb_article_attachment
-- ----------------------------

-- ----------------------------
-- Table structure for tb_article_tag
-- ----------------------------
DROP TABLE IF EXISTS `tb_article_tag`;
CREATE TABLE `tb_article_tag` (
  `id` int(11) NOT NULL AUTO_INCREMENT,
  `article_id` int(11) DEFAULT NULL,
  `tag_id` int(11) DEFAULT NULL,
  PRIMARY KEY (`id`) USING BTREE
) ENGINE=InnoDB AUTO_INCREMENT=54 DEFAULT CHARSET=utf8 ROW_FORMAT=DYNAMIC;

-- ----------------------------
-- Records of tb_article_tag
-- ----------------------------
INSERT INTO `tb_article_tag` VALUES ('1', '1', null);
INSERT INTO `tb_article_tag` VALUES ('2', '2', null);
INSERT INTO `tb_article_tag` VALUES ('4', '3', null);
INSERT INTO `tb_article_tag` VALUES ('7', '5', null);
INSERT INTO `tb_article_tag` VALUES ('8', '6', null);
INSERT INTO `tb_article_tag` VALUES ('9', '7', null);
INSERT INTO `tb_article_tag` VALUES ('10', '8', null);
INSERT INTO `tb_article_tag` VALUES ('11', '9', null);
INSERT INTO `tb_article_tag` VALUES ('12', '10', null);
INSERT INTO `tb_article_tag` VALUES ('13', '11', null);
INSERT INTO `tb_article_tag` VALUES ('14', '12', null);
INSERT INTO `tb_article_tag` VALUES ('15', '12', null);
INSERT INTO `tb_article_tag` VALUES ('16', '14', null);
INSERT INTO `tb_article_tag` VALUES ('17', '14', null);
INSERT INTO `tb_article_tag` VALUES ('18', '15', null);
INSERT INTO `tb_article_tag` VALUES ('19', '15', null);
INSERT INTO `tb_article_tag` VALUES ('20', '16', null);
INSERT INTO `tb_article_tag` VALUES ('21', '16', null);
INSERT INTO `tb_article_tag` VALUES ('22', '17', null);
INSERT INTO `tb_article_tag` VALUES ('23', '17', null);
INSERT INTO `tb_article_tag` VALUES ('24', '18', null);
INSERT INTO `tb_article_tag` VALUES ('25', '18', null);
INSERT INTO `tb_article_tag` VALUES ('26', '19', null);
INSERT INTO `tb_article_tag` VALUES ('27', '19', null);
INSERT INTO `tb_article_tag` VALUES ('28', '20', null);
INSERT INTO `tb_article_tag` VALUES ('29', '20', null);
INSERT INTO `tb_article_tag` VALUES ('30', '21', null);
INSERT INTO `tb_article_tag` VALUES ('31', '21', null);
INSERT INTO `tb_article_tag` VALUES ('34', '22', null);
INSERT INTO `tb_article_tag` VALUES ('35', '22', null);
INSERT INTO `tb_article_tag` VALUES ('36', '23', null);
INSERT INTO `tb_article_tag` VALUES ('37', '23', null);
INSERT INTO `tb_article_tag` VALUES ('38', '24', null);
INSERT INTO `tb_article_tag` VALUES ('39', '24', null);
INSERT INTO `tb_article_tag` VALUES ('40', '25', null);
INSERT INTO `tb_article_tag` VALUES ('41', '25', null);
INSERT INTO `tb_article_tag` VALUES ('42', '26', null);
INSERT INTO `tb_article_tag` VALUES ('43', '26', null);
INSERT INTO `tb_article_tag` VALUES ('44', '27', null);
INSERT INTO `tb_article_tag` VALUES ('45', '27', null);
INSERT INTO `tb_article_tag` VALUES ('46', '28', null);
INSERT INTO `tb_article_tag` VALUES ('47', '28', null);
INSERT INTO `tb_article_tag` VALUES ('48', '29', null);
INSERT INTO `tb_article_tag` VALUES ('49', '29', null);
INSERT INTO `tb_article_tag` VALUES ('51', '30', null);
INSERT INTO `tb_article_tag` VALUES ('52', '31', null);
INSERT INTO `tb_article_tag` VALUES ('53', '4', null);

-- ----------------------------
-- Table structure for tb_article_view
-- ----------------------------
DROP TABLE IF EXISTS `tb_article_view`;
CREATE TABLE `tb_article_view` (
  `id` int(11) NOT NULL AUTO_INCREMENT,
  `article_id` int(11) NOT NULL,
  `view_date` date DEFAULT NULL,
  `ip` varchar(100) DEFAULT NULL,
  PRIMARY KEY (`id`) USING BTREE
) ENGINE=InnoDB AUTO_INCREMENT=2 DEFAULT CHARSET=utf8 ROW_FORMAT=DYNAMIC;

-- ----------------------------
-- Records of tb_article_view
-- ----------------------------
INSERT INTO `tb_article_view` VALUES ('1', '2', '2021-03-26', '127.0.0.1');

-- ----------------------------
-- Table structure for tb_channel
-- ----------------------------
DROP TABLE IF EXISTS `tb_channel`;
CREATE TABLE `tb_channel` (
  `id` int(11) NOT NULL AUTO_INCREMENT,
  `name` varchar(100) DEFAULT NULL,
  `parent_id` int(11) DEFAULT NULL,
  `channel_img` varchar(100) DEFAULT NULL,
  `summary` varchar(200) DEFAULT NULL,
  `single` char(1) DEFAULT NULL COMMENT 'Y单页|其他非单页',
  `url` varchar(100) DEFAULT NULL,
  `seo_title` varchar(100) DEFAULT NULL,
  `seo_keyword` varchar(200) DEFAULT NULL,
  `seo_description` varchar(200) DEFAULT NULL,
  `content` text,
  `order_by` int(11) DEFAULT NULL,
  `create_date` date DEFAULT NULL,
  `create_user` int(11) DEFAULT NULL,
  `deleted_flag` char(1) DEFAULT NULL COMMENT 'D删除',
  `pos` char(1) DEFAULT NULL COMMENT 'ABCDEFG',
  PRIMARY KEY (`id`) USING BTREE
) ENGINE=InnoDB AUTO_INCREMENT=15 DEFAULT CHARSET=utf8 ROW_FORMAT=DYNAMIC;

-- ----------------------------
-- Records of tb_channel
-- ----------------------------
INSERT INTO `tb_channel` VALUES ('1', 'Spring技术栈', '0', 'http://localhost:8888/blog/upload/a40ad8f1-2239-4fb9-bb82-62f28e3ee538.jpg', 'Spring框架是由于软件开发的复杂性而创建的。Spring使用的是基本的JavaBean来完成以前只可能由EJB完成的事情。然而，Spring的用途不仅仅限于服务器端的开发。从简单性、可测试性和松耦合性角度而言，绝大部分Java应用都可以从Spring中受益。', 'N', 'https://spring.io/', 'xxx', 'xxx', 'xxx', '', null, '2021-04-09', '1', null, 'A');
INSERT INTO `tb_channel` VALUES ('2', 'MyBatis', '0', 'http://localhost:8888/blog/upload/028e2466-28b2-42b1-88fb-302d6f0b7aa4.jpg', 'MyBatis 本是apache的一个开源项目iBatis, 2010年这个项目由apache software foundation 迁移到了google code，并且改名为MyBatis 。2013年11月迁移到Github。', 'N', 'https://mybatis.org/mybatis-3/zh/index.html', 'xxx', 'xxx', 'xxx', '', null, '2021-04-09', '1', null, 'A');
INSERT INTO `tb_channel` VALUES ('3', 'Oracle', '0', 'http://localhost:8888/blog/upload/f38730ce-3f80-402d-8605-95097e879ac0.jpg', 'Oracle一般指甲骨文公司。甲骨文公司，全称甲骨文股份有限公司(甲骨文软件系统有限公司)，是全球最大的企业级软件公司，总部位于美国加利福尼亚州的红木滩。1989年正式进入中国市场。2013年，甲骨文已超越 IBM ，成为继 Microsoft 后全球第二大软件公司。', 'N', 'oracle.com/index.html', 'xxx', 'xxx', 'xxx', '', null, '2021-04-09', '1', null, 'A');
INSERT INTO `tb_channel` VALUES ('4', '前端', '0', 'http://localhost:8888/blog/upload/a8e456f4-3731-48a9-b031-ef849e717b1c.jpg', '前端即网站前台部分，运行在PC端，移动端等浏览器上展现给用户浏览的网页。随着互联网技术的发展，HTML5，CSS3，前端框架的应用，跨平台响应式网页设计能够适应各种屏幕分辨率，合适的动效设计，给用户带来极高的用户体验。', 'N', 'xxxx', 'xxx', 'xxx', 'xxx', '', null, '2021-04-09', '1', null, 'A');
INSERT INTO `tb_channel` VALUES ('5', 'SpringMVC', '1', 'http://localhost:8888/blog/upload/f07504e0-be54-4cc7-905f-525f364a83d9.jpg', 'Spring MVC属于SpringFrameWork的后续产品，已经融合在Spring Web Flow里面。Spring 框架提供了构建 Web 应用程序的全功能 MVC 模块。', 'N', 'https://spring.io/', 'xxx', 'xxx', 'xxx', '', null, '2021-04-09', '1', null, 'A');
INSERT INTO `tb_channel` VALUES ('6', 'SpringBoot', '1', 'http://localhost:8888/blog/upload/e3067828-697b-4e90-8363-bd74af5e530a.jpg', 'Spring Boot是由Pivotal团队提供的全新框架，其设计目的是用来简化新Spring应用的初始搭建以及开发过程。该框架使用了特定的方式来进行配置，从而使开发人员不再需要定义样板化的配置。', 'N', 'https://spring.io/projects/spring-boot/', 'xxx', 'xxx', 'xxx', '', null, '2021-04-09', '1', null, 'A');
INSERT INTO `tb_channel` VALUES ('7', 'HTML/CSS', '4', 'http://localhost:8888/blog/upload/b3228f9d-c5c3-4e74-8753-1ced33f9ff60.jpg', 'HTML的全称为超文本标记语言，是一种标记语言。它包括一系列标签．通过这些标签可以将网络上的文档格式统一，使分散的Internet资源连接为一个逻辑整体。', 'N', 'https://www.w3school.com.cn/tags/tag_html.asp', 'xxxx', 'xxxx', 'xxxx', '', null, '2021-04-09', '1', null, 'A');
INSERT INTO `tb_channel` VALUES ('8', 'JavaScript', '4', 'http://localhost:8888/blog/upload/2bc08879-7a36-465c-ae8b-f886c3d2ceb4.jpg', 'JavaScript（简称“JS”） 是一种具有函数优先的轻量级，解释型或即时编译型的编程语言。虽然它是作为开发Web页面的脚本语言而出名，但是它也被用到了很多非浏览器环境中', 'N', 'https://www.w3school.com.cn/js/js_intro.asp', 'xxx', 'xxx', 'xxx', '', null, '2021-04-09', '1', null, 'A');
INSERT INTO `tb_channel` VALUES ('9', '通知公告', '0', 'http://localhost:8888/blog/upload/824db163-22a3-4625-919a-b669cb7d613b.jpg', '2000年创立东华家风：信教先爱国，学佛先做人，修道先发心；2008年倡行每月1次升国旗；2016年创立中国首座佛教爱国馆；2000年至今，东华禅寺18年间向社会捐款捐物数千万元，并多次荣获省市“模范和谐寺观教堂”称誉。', 'Y', 'xxx', 'xxx', 'xxx', 'xxx', '“天下事，提得起就提起，提不起就放下。拖着别人跑，你累他也累，放下都轻松。提起的是菩萨，放下的是罗汉。”——摘自万行大和尚著作《微言大义》\n一个人要么提得起，要么放得下，最可悲的是既提不起又放不下，犹豫来犹豫去，在中间摇摆不定。但是，往往犹豫的人能找到足够的理由证明他的行为是对的。\n\n要么你狗熊到底，孬种到底，你很真实，表里如一，也能受人尊重，因为大家都喜欢弱者。在弱者身边能显出你的强大和优势，你会干得更有劲。而在强者身边只会显出你的弱小，你会感到自卑。\n\n就像你们在万行身边感到自卑一样。如果你转变心念，像万行一样努力十年、二十年，你也会成为强者。我希望你们都有这样的勇气。\n\n不敢做老虎，你就做绵羊。所以绵羊就是绵羊，老虎就是老虎，宝马就是宝马，桑塔纳就是桑塔纳，它们的本质是不一样的。\n\n绵羊的活法是对的，老虎的活法也是对的；桑塔纳的价格是合理的，宝马的价格也是合理的。\n\n所以，我是绵羊，就亮出我的风格；我是老虎，也要亮出我的风格，让你们看清楚，我从不掩饰。\n\n我经常告诉大家我就是这个东西，不需要什么包装，你喜欢这个东西就捡回家，不喜欢就不要动它，不要去批判它。\n\n一个人怎么过都是一生，胆小怕事，贪生怕死，做事前怕狼后怕虎，死要面子，这样活着是一辈子；老子天下第一，什么来了都不怕，都大胆去迎接，放开手脚去干，也是活一辈子，而且还活得很爽快。\n\n——摘自《万行开示：维护因果就是道》', null, '2021-04-09', '1', null, 'C');
INSERT INTO `tb_channel` VALUES ('10', '大数据', '0', 'http://localhost:8888/blog/upload/94df921d-7bbd-4938-978e-ed229c6c5dfe.jpg', '大数据（big data），IT行业术语，是指无法在一定时间范围内用常规软件工具进行捕捉、管理和处理的数据集合，是需要新处理模式才能具有更强的决策力、洞察发现力和流程优化能力的海量、高增长率和多样化的信息资产。', 'N', 'xxx', 'xxx', 'xxx', 'xxx', '', null, '2021-04-09', '1', null, 'B');
INSERT INTO `tb_channel` VALUES ('11', '分布式', '0', 'http://localhost:8888/blog/upload/c34eb9a6-ada8-4780-b3b6-71ea0ed5d43f.jpg', '分布式系统（distributed system）是建立在网络之上的软件系统。正是因为软件的特性，所以分布式系统具有高度的内聚性和透明性。因此，网络和分布式系统之间的区别更多的在于高层软件（特别是操作系统），而不是硬件。', 'N', 'xxx', 'xxx', 'xxx', 'xxx', '', null, '2021-04-09', '1', null, 'B');
INSERT INTO `tb_channel` VALUES ('12', '人工智能', '0', 'http://localhost:8888/blog/upload/30c38068-0483-4064-b1f7-83a75d0f1d5b.jpg', '人工智能（Artificial Intelligence），英文缩写为AI。它是研究、开发用于模拟、延伸和扩展人的智能的理论、方法、技术及应用系统的一门新的技术科学。', 'N', 'xxxx', 'xxxx', 'xxxx', 'xxxx', '', null, '2021-04-09', '1', null, 'B');
INSERT INTO `tb_channel` VALUES ('14', '关于我们', '0', 'http://localhost:8888/blog/upload/547d69f8-2172-499d-adbd-326d79add8a2.jpg', '日本政府计划于当地时间4月13日召开内阁会议，届时将决定核污水排入大海，请问中方有何评论？  答：日本核事故造成放射性物质泄漏，对海洋环境、食品安全和人类健康已经产生深远的影响。日本政府应当秉持对本国国民、周边国家以及国际社会高度负责任的态度，深入评估福岛核电站含氚废水处理方案可能带来的影响，主动、及时地以严格、准确、公开、透明的方式披露信息，在与周边国家充分协商的基础上慎重决策。', 'Y', 'xxxx', 'xxxx', 'xxxx', 'xxxx', '2021年4月9日，外交部发言人赵立坚主持例行记者会。\n\n问：日本政府计划于当地时间4月13日召开内阁会议，届时将决定核污水排入大海，请问中方有何评论？\n\n答：日本核事故造成放射性物质泄漏，对海洋环境、食品安全和人类健康已经产生深远的影响。日本政府应当秉持对本国国民、周边国家以及国际社会高度负责任的态度，深入评估福岛核电站含氚废水处理方案可能带来的影响，主动、及时地以严格、准确、公开、透明的方式披露信息，在与周边国家充分协商的基础上慎重决策。\n\n(来源:人民日报客户端)\n2021年4月9日，外交部发言人赵立坚主持例行记者会。\n\n问：日本政府计划于当地时间4月13日召开内阁会议，届时将决定核污水排入大海，请问中方有何评论？\n\n答：日本核事故造成放射性物质泄漏，对海洋环境、食品安全和人类健康已经产生深远的影响。日本政府应当秉持对本国国民、周边国家以及国际社会高度负责任的态度，深入评估福岛核电站含氚废水处理方案可能带来的影响，主动、及时地以严格、准确、公开、透明的方式披露信息，在与周边国家充分协商的基础上慎重决策。\n\n(来源:人民日报客户端)\n2021年4月9日，外交部发言人赵立坚主持例行记者会。\n\n问：日本政府计划于当地时间4月13日召开内阁会议，届时将决定核污水排入大海，请问中方有何评论？\n\n答：日本核事故造成放射性物质泄漏，对海洋环境、食品安全和人类健康已经产生深远的影响。日本政府应当秉持对本国国民、周边国家以及国际社会高度负责任的态度，深入评估福岛核电站含氚废水处理方案可能带来的影响，主动、及时地以严格、准确、公开、透明的方式披露信息，在与周边国家充分协商的基础上慎重决策。\n\n(来源:人民日报客户端)\n2021年4月9日，外交部发言人赵立坚主持例行记者会。\n\n问：日本政府计划于当地时间4月13日召开内阁会议，届时将决定核污水排入大海，请问中方有何评论？\n\n答：日本核事故造成放射性物质泄漏，对海洋环境、食品安全和人类健康已经产生深远的影响。日本政府应当秉持对本国国民、周边国家以及国际社会高度负责任的态度，深入评估福岛核电站含氚废水处理方案可能带来的影响，主动、及时地以严格、准确、公开、透明的方式披露信息，在与周边国家充分协商的基础上慎重决策。\n\n(来源:人民日报客户端)\n2021年4月9日，外交部发言人赵立坚主持例行记者会。\n\n问：日本政府计划于当地时间4月13日召开内阁会议，届时将决定核污水排入大海，请问中方有何评论？\n\n答：日本核事故造成放射性物质泄漏，对海洋环境、食品安全和人类健康已经产生深远的影响。日本政府应当秉持对本国国民、周边国家以及国际社会高度负责任的态度，深入评估福岛核电站含氚废水处理方案可能带来的影响，主动、及时地以严格、准确、公开、透明的方式披露信息，在与周边国家充分协商的基础上慎重决策。\n\n(来源:人民日报客户端)', null, '2021-04-09', '1', null, 'A');

-- ----------------------------
-- Table structure for tb_comment
-- ----------------------------
DROP TABLE IF EXISTS `tb_comment`;
CREATE TABLE `tb_comment` (
  `id` int(11) NOT NULL AUTO_INCREMENT,
  `author` int(11) DEFAULT NULL,
  `email` varchar(100) DEFAULT NULL,
  `ip` varchar(100) DEFAULT NULL,
  `create_date` date DEFAULT NULL,
  `content` text,
  `status` int(1) DEFAULT NULL COMMENT '0待批|1通过|2未通过',
  `article_id` int(11) NOT NULL,
  `parent_id` int(11) DEFAULT NULL,
  PRIMARY KEY (`id`) USING BTREE
) ENGINE=InnoDB AUTO_INCREMENT=3 DEFAULT CHARSET=utf8 ROW_FORMAT=DYNAMIC;

-- ----------------------------
-- Records of tb_comment
-- ----------------------------
INSERT INTO `tb_comment` VALUES ('1', '1', '123456@qq.com', '127.0.0.1', '2021-04-09', 'xxxxx', '1', '1', null);
INSERT INTO `tb_comment` VALUES ('2', '49', 'xxx', 'aaa', '2021-04-09', 'aaa', '1', '3', '1');

-- ----------------------------
-- Table structure for tb_friend_link
-- ----------------------------
DROP TABLE IF EXISTS `tb_friend_link`;
CREATE TABLE `tb_friend_link` (
  `id` int(11) NOT NULL AUTO_INCREMENT,
  `url` varchar(100) DEFAULT NULL,
  `title` varchar(100) DEFAULT NULL,
  `path` varchar(100) DEFAULT NULL,
  `target` varchar(50) DEFAULT NULL,
  PRIMARY KEY (`id`) USING BTREE
) ENGINE=InnoDB AUTO_INCREMENT=2 DEFAULT CHARSET=utf8 ROW_FORMAT=DYNAMIC;

-- ----------------------------
-- Records of tb_friend_link
-- ----------------------------
INSERT INTO `tb_friend_link` VALUES ('1', 'http://www.baidu.com', '我的个人博客', 'http://localhost:8888/blog/upload/d363a043-c513-4b33-ac01-1bbe22acb066.jpg', '_blank');

-- ----------------------------
-- Table structure for tb_tag
-- ----------------------------
DROP TABLE IF EXISTS `tb_tag`;
CREATE TABLE `tb_tag` (
  `id` int(11) NOT NULL AUTO_INCREMENT,
  `tag_name` varchar(50) DEFAULT NULL,
  PRIMARY KEY (`id`) USING BTREE
) ENGINE=InnoDB AUTO_INCREMENT=3 DEFAULT CHARSET=utf8 ROW_FORMAT=DYNAMIC;

-- ----------------------------
-- Records of tb_tag
-- ----------------------------
INSERT INTO `tb_tag` VALUES ('1', '互联网');
INSERT INTO `tb_tag` VALUES ('2', '二次元');

-- ----------------------------
-- Table structure for tb_user
-- ----------------------------
DROP TABLE IF EXISTS `tb_user`;
CREATE TABLE `tb_user` (
  `id` int(11) NOT NULL AUTO_INCREMENT,
  `user_name` varchar(100) DEFAULT NULL COMMENT '账号',
  `password` varchar(100) DEFAULT NULL COMMENT '密码',
  `nick_name` varchar(100) DEFAULT NULL,
  `avatar` varchar(100) DEFAULT NULL,
  `email` varchar(100) DEFAULT NULL,
  `create_date` date DEFAULT NULL,
  `status` char(1) DEFAULT NULL COMMENT 'T正常|F禁用|D删除',
  `type` int(1) DEFAULT '0' COMMENT '0系统用户|1注册用户',
  PRIMARY KEY (`id`) USING BTREE
) ENGINE=InnoDB AUTO_INCREMENT=4 DEFAULT CHARSET=utf8 ROW_FORMAT=DYNAMIC;

-- ----------------------------
-- Records of tb_user
-- ----------------------------
INSERT INTO `tb_user` VALUES ('1', 'admin', '123456', 'admin', 'http://localhost:8888/blog/upload/39b743ea-1927-45cc-a0e0-e233b2ede65b.jpg', '123456@qq.com', '2021-03-24', 'T', '0');
INSERT INTO `tb_user` VALUES ('2', 'zhangsan', '123456', '张三', null, '123456@qq.com', '2021-04-09', 'T', null);
INSERT INTO `tb_user` VALUES ('3', 'aaxx', 'aaa', 'aaxx', null, 'aaxx', '2021-04-09', 'F', null);
